2026-04-28 07:24:11,498 - INFO - Connecté au broker MQTT !
2026-04-28 07:24:38,862 - INFO - id DOSI recu : {'id_dosi': '305681'}
2026-04-28 07:24:38,938 - INFO - Dosimètre non présent dans la bdd
2026-04-28 07:24:42,710 - INFO - id DOSI recu : {'id_dosi': '305681'}
2026-04-28 07:24:42,767 - INFO - Dosimètre non présent dans la bdd
2026-04-28 07:25:31,975 - INFO - id DOSI recu : {'id_dosi': '220486'}
2026-04-28 07:25:32,047 - INFO - État du dosimètre envoyé : {'id_dosi': '220486', 'batterie': '0', 'hors_service': '1'}
2026-04-28 07:29:55,249 - INFO - Connecté au broker MQTT !
2026-04-28 07:29:56,246 - INFO - id DOSI recu : {'id_dosi': '220486'}
2026-04-28 07:29:56,317 - INFO - État du dosimètre envoyé : {'id_dosi': '220486', 'batterie': '0', 'hors_service': '1'}
2026-04-28 07:30:00,089 - INFO - id DOSI recu : {'id_dosi': '220486'}
2026-04-28 07:30:00,155 - INFO - État du dosimètre envoyé : {'id_dosi': '220486', 'batterie': '0', 'hors_service': '1'}
2026-04-28 07:30:04,935 - INFO - id DOSI recu : {'id_dosi': '305681'}
2026-04-28 07:30:04,991 - INFO - Dosimètre non présent dans la bdd
2026-04-28 07:30:26,563 - INFO - id DOSI recu : {'id_dosi': '305681'}
2026-04-28 07:30:26,624 - INFO - Dosimètre non présent dans la bdd
2026-04-28 07:30:33,577 - INFO - id DOSI recu : {'id_dosi': '220486'}
2026-04-28 07:30:33,644 - INFO - État du dosimètre envoyé : {'id_dosi': '220486', 'batterie': '0', 'hors_service': '1'}
2026-04-28 07:30:38,328 - INFO - id DOSI recu : {'id_dosi': '305681'}
2026-04-28 07:30:38,389 - INFO - Dosimètre non présent dans la bdd
2026-04-28 08:38:59,980 - INFO - Connecté au broker MQTT !
2026-04-28 08:44:34,208 - INFO - Connecté au broker MQTT !
2026-04-28 08:50:28,192 - INFO - Connecté au broker MQTT !
2026-04-28 08:57:32,765 - INFO - Connecté au broker MQTT !
2026-04-28 09:56:55,082 - INFO - Connecté au broker MQTT !
2026-04-28 09:59:53,553 - INFO - Connecté au broker MQTT !
2026-04-28 10:04:10,452 - INFO - Connecté au broker MQTT !
2026-04-28 10:09:52,943 - INFO - Connecté au broker MQTT !
2026-04-28 10:16:48,582 - INFO - Connecté au broker MQTT !
2026-04-29 06:15:34,971 - INFO - Connecté au broker MQTT !
2026-04-29 06:18:32,016 - INFO - Connecté au broker MQTT !
2026-04-29 06:25:33,753 - INFO - Connecté au broker MQTT !
2026-04-29 06:31:07,748 - INFO - Connecté au broker MQTT !
2026-04-29 06:35:05,118 - INFO - Connecté au broker MQTT !
2026-04-29 06:42:48,138 - INFO - Connecté au broker MQTT !
2026-04-29 06:53:59,554 - INFO - Connecté au broker MQTT !
2026-04-29 07:02:27,252 - INFO - Connecté au broker MQTT !
2026-04-29 07:10:03,329 - INFO - Connecté au broker MQTT !
2026-04-29 07:37:10,717 - INFO - Connecté au broker MQTT !
2026-04-29 08:25:59,659 - INFO - Connecté au broker MQTT !
2026-04-29 08:30:21,394 - INFO - Connecté au broker MQTT !
2026-04-29 08:39:51,639 - INFO - Connecté au broker MQTT !
2026-04-29 08:44:26,835 - INFO - Connecté au broker MQTT !
2026-04-29 08:44:46,293 - INFO - Connecté au broker MQTT !
2026-04-29 08:47:34,843 - INFO - Connecté au broker MQTT !
2026-04-29 08:47:54,310 - INFO - Connecté au broker MQTT !
2026-04-29 09:31:16,911 - INFO - Connecté au broker MQTT !
2026-04-29 09:57:27,726 - INFO - Connecté au broker MQTT !
2026-04-29 09:59:42,392 - INFO - Connecté au broker MQTT !
2026-04-29 10:05:34,726 - INFO - Connecté au broker MQTT !
2026-04-29 11:09:21,130 - INFO - Connecté au broker MQTT !
2026-04-29 11:11:36,835 - INFO - Connecté au broker MQTT !
2026-04-29 11:20:05,578 - INFO - Connecté au broker MQTT !
2026-04-29 11:36:57,914 - INFO - Connecté au broker MQTT !
2026-04-29 11:37:42,192 - INFO - Connecté au broker MQTT !
2026-04-29 11:39:01,578 - INFO - Connecté au broker MQTT !
2026-04-29 12:40:37,247 - INFO - Connecté au broker MQTT !
2026-04-30 12:11:55,918 - INFO - Connecté au broker MQTT !
2026-04-30 12:30:55,535 - INFO - Connecté au broker MQTT !
2026-04-30 13:57:38,950 - INFO - Connecté au broker MQTT !
2026-04-30 14:03:41,343 - INFO - Connecté au broker MQTT !
2026-04-30 14:05:07,821 - INFO - Connecté au broker MQTT !
2026-04-30 14:07:11,439 - INFO - Connecté au broker MQTT !
2026-04-30 14:10:33,877 - INFO - Connecté au broker MQTT !
2026-04-30 14:12:34,006 - INFO - Connecté au broker MQTT !
2026-04-30 14:13:03,763 - INFO - Connecté au broker MQTT !
2026-04-30 14:14:13,496 - INFO - Connecté au broker MQTT !
2026-04-30 14:14:59,537 - INFO - Connecté au broker MQTT !
2026-04-30 14:15:37,102 - INFO - Connecté au broker MQTT !
2026-04-30 14:19:11,035 - INFO - Connecté au broker MQTT !
2026-04-30 14:20:20,723 - INFO - Connecté au broker MQTT !
2026-04-30 14:28:30,644 - INFO - Connecté au broker MQTT !
2026-05-11 08:46:47,995 - INFO - Connecté au broker MQTT !
2026-05-12 08:02:54,111 - INFO - Connecté au broker MQTT !
2026-05-12 08:45:34,913 - INFO - Connecté au broker MQTT !
2026-05-12 08:50:41,350 - INFO - Connecté au broker MQTT !
2026-05-18 06:27:06,699 - INFO - Connecté au broker MQTT !
2026-05-18 07:23:27,414 - INFO - Connecté au broker MQTT !
2026-05-18 07:28:34,043 - INFO - Connecté au broker MQTT !
2026-05-18 07:39:05,653 - INFO - Connecté au broker MQTT !
2026-05-18 07:40:29,082 - INFO - Connecté au broker MQTT !
2026-05-18 07:57:49,416 - INFO - Connecté au broker MQTT !
2026-05-18 09:24:53,394 - INFO - Connecté au broker MQTT !
2026-05-18 09:41:51,378 - INFO - Connecté au broker MQTT !
2026-05-18 09:53:07,855 - INFO - Connecté au broker MQTT !
2026-05-18 13:44:09,348 - INFO - Connecté au broker MQTT !
2026-05-18 13:46:25,447 - INFO - Connecté au broker MQTT !
2026-05-18 13:49:12,878 - INFO - Connecté au broker MQTT !
2026-05-18 14:06:19,750 - INFO - Connecté au broker MQTT !
2026-05-20 06:51:37,961 - INFO - Connecté au broker MQTT !
2026-05-20 07:17:53,869 - INFO - Connecté au broker MQTT !
2026-05-20 07:31:03,143 - INFO - Connecté au broker MQTT !
2026-05-20 09:28:28,200 - INFO - Connecté au broker MQTT !
2026-05-20 09:42:14,251 - INFO - Connecté au broker MQTT !
2026-05-20 09:46:47,937 - INFO - Connecté au broker MQTT !
2026-05-20 09:58:16,218 - INFO - Connecté au broker MQTT !
2026-05-20 11:48:49,285 - INFO - Connecté au broker MQTT !
2026-05-20 12:01:11,495 - INFO - Connecté au broker MQTT !
2026-05-20 12:33:06,999 - INFO - Connecté au broker MQTT !
2026-05-20 12:56:19,971 - INFO - Connecté au broker MQTT !
2026-05-21 12:36:58,973 - INFO - Connecté au broker MQTT !
2026-05-21 14:08:51,360 - INFO - Connecté au broker MQTT !
2026-05-21 14:13:08,351 - INFO - Connecté au broker MQTT !
2026-05-21 14:14:13,527 - INFO - Connecté au broker MQTT !
2026-05-21 14:14:41,956 - INFO - Connecté au broker MQTT !
2026-05-21 14:15:32,951 - INFO - Connecté au broker MQTT !
2026-05-26 06:25:08,591 - INFO - Connecté au broker MQTT !
2026-05-26 08:55:03,405 - INFO - Connecté au broker MQTT !
2026-05-26 09:00:25,703 - INFO - Connecté au broker MQTT !
2026-05-26 09:03:26,788 - INFO - Connecté au broker MQTT !
2026-05-26 09:10:48,181 - INFO - Connecté au broker MQTT !
2026-05-26 09:29:55,936 - INFO - Connecté au broker MQTT !
2026-05-26 09:31:08,045 - INFO - Connecté au broker MQTT !
2026-05-26 13:13:29,386 - INFO - Connecté au broker MQTT !
2026-05-27 08:55:42,926 - INFO - Connecté au broker MQTT !
2026-05-27 08:57:20,964 - INFO - Connecté au broker MQTT !
2026-05-27 08:57:39,674 - INFO - Connecté au broker MQTT !
2026-05-27 08:57:41,124 - INFO - id DOSI recu : {'id_dosi': '103122'}
2026-05-27 08:57:41,187 - INFO - Dosimètre non présent dans la bdd
2026-05-27 08:57:52,089 - INFO - id DOSI recu : {'id_dosi': '252528'}
2026-05-27 08:57:52,150 - INFO - État du dosimètre envoyé : {'id_dosi': '252528', 'batterie': '1', 'hors_service': '0'}
2026-05-27 08:59:05,797 - INFO - id DOSI recu : {'id_dosi': '252528'}
2026-05-27 08:59:05,859 - INFO - État du dosimètre envoyé : {'id_dosi': '252528', 'batterie': '1', 'hors_service': '1'}
2026-05-27 08:59:33,642 - INFO - id DOSI recu : {'id_dosi': '252528'}
2026-05-27 08:59:33,709 - INFO - État du dosimètre envoyé : {'id_dosi': '252528', 'batterie': '1', 'hors_service': '1'}
2026-05-27 09:01:15,209 - INFO - id DOSI recu : {'id_dosi': '252528'}
2026-05-27 09:01:15,260 - INFO - État du dosimètre envoyé : {'id_dosi': '252528', 'batterie': '1', 'hors_service': '1'}
2026-05-27 09:01:51,347 - INFO - id DOSI recu : {'id_dosi': '252528'}
2026-05-27 09:01:51,419 - INFO - État du dosimètre envoyé : {'id_dosi': '252528', 'batterie': '1', 'hors_service': '1'}
2026-05-27 11:41:26,585 - INFO - id DOSI recu : {'id_dosi': '252528'}
2026-05-27 11:41:26,646 - INFO - État du dosimètre envoyé : {'id_dosi': '252528', 'batterie': '1', 'hors_service': '1'}
2026-05-27 11:41:37,226 - INFO - id DOSI recu : {'id_dosi': '252528'}
2026-05-27 11:41:37,283 - INFO - État du dosimètre envoyé : {'id_dosi': '252528', 'batterie': '1', 'hors_service': '1'}
2026-05-27 11:41:48,754 - INFO - id DOSI recu : {'id_dosi': '252528'}
2026-05-27 11:41:48,815 - INFO - État du dosimètre envoyé : {'id_dosi': '252528', 'batterie': '1', 'hors_service': '1'}
2026-05-27 11:41:57,694 - INFO - id DOSI recu : {'id_dosi': '252528'}
2026-05-27 11:41:57,761 - INFO - État du dosimètre envoyé : {'id_dosi': '252528', 'batterie': '1', 'hors_service': '1'}
2026-05-27 11:42:25,119 - INFO - id DOSI recu : {'id_dosi': '252528'}
2026-05-27 11:42:25,191 - INFO - État du dosimètre envoyé : {'id_dosi': '252528', 'batterie': '1', 'hors_service': '1'}
2026-05-27 11:42:34,427 - INFO - id DOSI recu : {'id_dosi': '252528'}
2026-05-27 11:42:34,488 - INFO - État du dosimètre envoyé : {'id_dosi': '252528', 'batterie': '1', 'hors_service': '1'}
2026-05-27 11:42:53,341 - INFO - id DOSI recu : {'id_dosi': '252528'}
2026-05-27 11:42:53,393 - INFO - État du dosimètre envoyé : {'id_dosi': '252528', 'batterie': '1', 'hors_service': '1'}
2026-05-27 11:43:01,676 - INFO - id DOSI recu : {'id_dosi': '252528'}
2026-05-27 11:43:01,742 - INFO - État du dosimètre envoyé : {'id_dosi': '252528', 'batterie': '1', 'hors_service': '1'}
2026-05-27 11:43:28,999 - INFO - id DOSI recu : {'id_dosi': '252528'}
2026-05-27 11:43:29,060 - INFO - État du dosimètre envoyé : {'id_dosi': '252528', 'batterie': '1', 'hors_service': '1'}
2026-05-27 11:43:36,349 - INFO - id DOSI recu : {'id_dosi': '252528'}
2026-05-27 11:43:36,416 - INFO - État du dosimètre envoyé : {'id_dosi': '252528', 'batterie': '1', 'hors_service': '1'}
2026-05-27 11:43:49,757 - INFO - id DOSI recu : {'id_dosi': '252528'}
2026-05-27 11:43:49,828 - INFO - État du dosimètre envoyé : {'id_dosi': '252528', 'batterie': '1', 'hors_service': '1'}
2026-05-27 11:44:05,104 - INFO - id BADGE recu : {'id_badge': '103122'}
2026-05-27 11:44:05,160 - INFO - Badge non présent dans la bdd
2026-05-27 11:44:08,921 - INFO - id DOSI recu : {'id_dosi': '252528'}
2026-05-27 11:44:08,988 - INFO - État du dosimètre envoyé : {'id_dosi': '252528', 'batterie': '1', 'hors_service': '1'}
2026-05-27 11:44:12,891 - INFO - id BADGE recu : {'id_badge': '103122'}
2026-05-27 11:44:12,958 - INFO - Badge non présent dans la bdd
2026-05-27 11:44:41,511 - INFO - id DOSI recu : {'id_dosi': '252528'}
2026-05-27 11:44:41,578 - INFO - État du dosimètre envoyé : {'id_dosi': '252528', 'batterie': '1', 'hors_service': '1'}
2026-05-27 11:44:58,940 - INFO - id DOSI recu : {'id_dosi': '252528'}
2026-05-27 11:44:59,002 - INFO - État du dosimètre envoyé : {'id_dosi': '252528', 'batterie': '1', 'hors_service': '1'}
2026-05-27 11:45:06,789 - INFO - id DOSI recu : {'id_dosi': '252528'}
2026-05-27 11:45:06,855 - INFO - État du dosimètre envoyé : {'id_dosi': '252528', 'batterie': '1', 'hors_service': '1'}
2026-05-27 11:46:16,751 - INFO - id DOSI recu : {'id_dosi': '252528'}
2026-05-27 11:46:16,823 - INFO - État du dosimètre envoyé : {'id_dosi': '252528', 'batterie': '1', 'hors_service': '1'}
2026-05-27 11:47:27,816 - INFO - id DOSI recu : {'id_dosi': '103122'}
2026-05-27 11:47:27,867 - INFO - Dosimètre non présent dans la bdd
2026-05-27 11:49:46,655 - INFO - id DOSI recu : {'id_dosi': '252528'}
2026-05-27 11:49:46,721 - INFO - État du dosimètre envoyé : {'id_dosi': '252528', 'batterie': '1', 'hors_service': '1'}
2026-05-27 11:49:54,353 - INFO - id DOSI recu : {'id_dosi': '252528'}
2026-05-27 11:49:54,424 - INFO - État du dosimètre envoyé : {'id_dosi': '252528', 'batterie': '1', 'hors_service': '1'}
2026-05-27 11:50:11,361 - INFO - id DOSI recu : {'id_dosi': '252528'}
2026-05-27 11:50:11,427 - INFO - État du dosimètre envoyé : {'id_dosi': '252528', 'batterie': '1', 'hors_service': '1'}
2026-05-27 11:50:27,805 - INFO - id BADGE recu : {'id_badge': '103122'}
2026-05-27 11:50:27,872 - INFO - Badge non présent dans la bdd
2026-05-27 11:50:31,643 - INFO - id DOSI recu : {'id_dosi': '252528'}
2026-05-27 11:50:31,715 - INFO - État du dosimètre envoyé : {'id_dosi': '252528', 'batterie': '1', 'hors_service': '1'}
2026-05-27 11:51:33,532 - INFO - Connecté au broker MQTT !
2026-05-27 11:55:14,091 - INFO - Connecté au broker MQTT !
2026-06-01 09:38:08,517 - INFO - Connecté au broker MQTT !
2026-06-01 09:40:04,261 - INFO - Connecté au broker MQTT !
2026-06-01 10:04:28,111 - INFO - Connecté au broker MQTT !
2026-06-02 08:52:38,051 - INFO - Connecté au broker MQTT !
2026-06-02 09:03:03,081 - INFO - Connecté au broker MQTT !
2026-06-02 09:19:30,911 - INFO - Connecté au broker MQTT !
2026-06-02 09:27:40,811 - INFO - Connecté au broker MQTT !
2026-06-02 09:29:55,680 - INFO - Connecté au broker MQTT !
2026-06-03 06:18:58,828 - INFO - id DOSI recu : {'id_dosi': '252528'}
2026-06-03 06:18:58,896 - INFO - État du dosimètre envoyé : {'id_dosi': '252528', 'batterie': '1', 'hors_service': '1'}
2026-06-03 06:19:11,366 - INFO - id BADGE recu : {'id_badge': '220486'}
2026-06-03 06:19:11,417 - INFO - Badge non présent dans la bdd
2026-06-03 06:19:15,214 - INFO - id DOSI recu : {'id_dosi': '252528'}
2026-06-03 06:19:15,280 - INFO - État du dosimètre envoyé : {'id_dosi': '252528', 'batterie': '1', 'hors_service': '1'}
2026-06-03 06:19:33,736 - INFO - id DOSI recu : {'id_dosi': '252528'}
2026-06-03 06:19:33,798 - INFO - État du dosimètre envoyé : {'id_dosi': '252528', 'batterie': '1', 'hors_service': '1'}
2026-06-03 06:19:42,628 - INFO - id DOSI recu : {'id_dosi': '252528'}
2026-06-03 06:19:42,694 - INFO - État du dosimètre envoyé : {'id_dosi': '252528', 'batterie': '1', 'hors_service': '1'}
2026-06-03 06:19:51,833 - INFO - id DOSI recu : {'id_dosi': '252528'}
2026-06-03 06:19:51,895 - INFO - État du dosimètre envoyé : {'id_dosi': '252528', 'batterie': '1', 'hors_service': '1'}
2026-06-03 06:20:02,969 - INFO - id BADGE recu : {'id_badge': '456470'}
2026-06-03 06:20:03,031 - INFO - Badge non présent dans la bdd
2026-06-03 06:20:06,744 - INFO - id DOSI recu : {'id_dosi': '252528'}
2026-06-03 06:20:06,815 - INFO - État du dosimètre envoyé : {'id_dosi': '252528', 'batterie': '1', 'hors_service': '1'}
2026-06-03 06:20:19,330 - INFO - id DOSI recu : {'id_dosi': '220486'}
2026-06-03 06:20:19,387 - INFO - Dosimètre non présent dans la bdd
2026-06-03 06:22:06,892 - INFO - id DOSI recu : {'id_dosi': '252528'}
2026-06-03 06:22:06,948 - INFO - État du dosimètre envoyé : {'id_dosi': '252528', 'batterie': '1', 'hors_service': '1'}
2026-06-03 06:22:16,978 - INFO - id DOSI recu : {'id_dosi': '252528'}
2026-06-03 06:22:17,049 - INFO - État du dosimètre envoyé : {'id_dosi': '252528', 'batterie': '1', 'hors_service': '1'}
2026-06-03 06:22:25,964 - INFO - id DOSI recu : {'id_dosi': '252528'}
2026-06-03 06:22:26,020 - INFO - État du dosimètre envoyé : {'id_dosi': '252528', 'batterie': '1', 'hors_service': '1'}
2026-06-03 06:31:20,189 - INFO - id DOSI recu : {'id_dosi': '220486'}
2026-06-03 06:31:20,240 - INFO - Dosimètre non présent dans la bdd
2026-06-03 06:31:24,045 - INFO - id DOSI recu : {'id_dosi': '220486'}
2026-06-03 06:31:24,101 - INFO - Dosimètre non présent dans la bdd
2026-06-03 06:31:27,989 - INFO - id DOSI recu : {'id_dosi': '252528'}
2026-06-03 06:31:28,056 - INFO - État du dosimètre envoyé : {'id_dosi': '252528', 'batterie': '1', 'hors_service': '1'}
2026-06-03 06:33:09,205 - INFO - id DOSI recu : {'id_dosi': '252528'}
2026-06-03 06:33:09,286 - INFO - État du dosimètre envoyé : {'id_dosi': '252528', 'batterie': '1', 'hors_service': '1'}
2026-06-03 06:33:25,685 - INFO - id BADGE recu : {'id_badge': '456470'}
2026-06-03 06:33:25,742 - INFO - Badge non présent dans la bdd
2026-06-03 06:33:29,522 - INFO - id DOSI recu : {'id_dosi': '252528'}
2026-06-03 06:33:29,578 - INFO - État du dosimètre envoyé : {'id_dosi': '252528', 'batterie': '1', 'hors_service': '1'}
2026-06-03 06:36:20,288 - INFO - id DOSI recu : {'id_dosi': '252528'}
2026-06-03 06:36:20,344 - INFO - État du dosimètre envoyé : {'id_dosi': '252528', 'batterie': '1', 'hors_service': '1'}
2026-06-03 06:44:27,570 - INFO - id DOSI recu : {'id_dosi': '252528'}
2026-06-03 06:44:27,646 - INFO - État du dosimètre envoyé : {'id_dosi': '252528', 'batterie': '1', 'hors_service': '1'}
2026-06-03 06:45:55,626 - INFO - id DOSI recu : {'id_dosi': '252528'}
2026-06-03 06:45:55,697 - INFO - État du dosimètre envoyé : {'id_dosi': '252528', 'batterie': '1', 'hors_service': '1'}
2026-06-03 06:46:07,015 - INFO - id DOSI recu : {'id_dosi': '252528'}
2026-06-03 06:46:07,072 - INFO - État du dosimètre envoyé : {'id_dosi': '252528', 'batterie': '1', 'hors_service': '1'}
2026-06-03 06:47:28,152 - INFO - id DOSI recu : {'id_dosi': '252528'}
2026-06-03 06:47:28,219 - INFO - État du dosimètre envoyé : {'id_dosi': '252528', 'batterie': '1', 'hors_service': '1'}
2026-06-03 06:47:36,528 - INFO - id DOSI recu : {'id_dosi': '252528'}
2026-06-03 06:47:36,595 - INFO - État du dosimètre envoyé : {'id_dosi': '252528', 'batterie': '1', 'hors_service': '1'}
2026-06-03 06:47:43,872 - INFO - id DOSI recu : {'id_dosi': '252528'}
2026-06-03 06:47:43,943 - INFO - État du dosimètre envoyé : {'id_dosi': '252528', 'batterie': '1', 'hors_service': '1'}
2026-06-03 06:47:55,048 - INFO - id DOSI recu : {'id_dosi': '252528'}
2026-06-03 06:47:55,105 - INFO - État du dosimètre envoyé : {'id_dosi': '252528', 'batterie': '1', 'hors_service': '1'}
2026-06-03 06:48:25,882 - INFO - id DOSI recu : {'id_dosi': '252528'}
2026-06-03 06:48:25,954 - INFO - État du dosimètre envoyé : {'id_dosi': '252528', 'batterie': '1', 'hors_service': '1'}
2026-06-03 06:48:41,031 - INFO - id DOSI recu : {'id_dosi': '252528'}
2026-06-03 06:48:41,107 - INFO - État du dosimètre envoyé : {'id_dosi': '252528', 'batterie': '1', 'hors_service': '1'}
2026-06-03 06:48:48,288 - INFO - id DOSI recu : {'id_dosi': '252528'}
2026-06-03 06:48:48,355 - INFO - État du dosimètre envoyé : {'id_dosi': '252528', 'batterie': '1', 'hors_service': '1'}
2026-06-03 06:48:56,792 - INFO - id DOSI recu : {'id_dosi': '252528'}
2026-06-03 06:48:56,853 - INFO - État du dosimètre envoyé : {'id_dosi': '252528', 'batterie': '1', 'hors_service': '1'}
2026-06-03 06:49:05,446 - INFO - id DOSI recu : {'id_dosi': '252528'}
2026-06-03 06:49:05,508 - INFO - État du dosimètre envoyé : {'id_dosi': '252528', 'batterie': '1', 'hors_service': '1'}
2026-06-03 06:49:13,038 - INFO - id DOSI recu : {'id_dosi': '252528'}
2026-06-03 06:49:13,095 - INFO - État du dosimètre envoyé : {'id_dosi': '252528', 'batterie': '1', 'hors_service': '1'}
2026-06-03 06:49:20,189 - INFO - id DOSI recu : {'id_dosi': '252528'}
2026-06-03 06:49:20,266 - INFO - État du dosimètre envoyé : {'id_dosi': '252528', 'batterie': '1', 'hors_service': '1'}
2026-06-03 06:49:32,879 - INFO - id BADGE recu : {'id_badge': '220486'}
2026-06-03 06:49:32,940 - INFO - Badge non présent dans la bdd
2026-06-03 06:49:36,714 - INFO - id DOSI recu : {'id_dosi': '252528'}
2026-06-03 06:49:36,781 - INFO - État du dosimètre envoyé : {'id_dosi': '252528', 'batterie': '1', 'hors_service': '1'}
2026-06-03 06:49:42,412 - INFO - id BADGE recu : {'id_badge': '220486'}
2026-06-03 06:49:42,468 - INFO - Badge non présent dans la bdd
2026-06-03 06:49:46,204 - INFO - id DOSI recu : {'id_dosi': '252528'}
2026-06-03 06:49:46,275 - INFO - État du dosimètre envoyé : {'id_dosi': '252528', 'batterie': '1', 'hors_service': '1'}
2026-06-03 06:50:03,311 - INFO - id BADGE recu : {'id_badge': '220486'}
2026-06-03 06:50:03,367 - INFO - Badge non présent dans la bdd
2026-06-03 06:50:07,105 - INFO - id DOSI recu : {'id_dosi': '252528'}
2026-06-03 06:50:07,166 - INFO - État du dosimètre envoyé : {'id_dosi': '252528', 'batterie': '1', 'hors_service': '1'}
2026-06-03 06:50:29,406 - INFO - Connecté au broker MQTT !
2026-06-03 07:04:28,522 - INFO - Connecté au broker MQTT !
2026-06-03 07:17:58,574 - INFO - id DOSI recu : {'id_dosi': '252528'}
2026-06-03 07:17:58,646 - INFO - État du dosimètre envoyé : {'id_dosi': '252528', 'batterie': '1', 'hors_service': '1'}
2026-06-03 07:18:11,090 - INFO - id DOSI recu : {'id_dosi': '252528'}
2026-06-03 07:18:11,166 - INFO - État du dosimètre envoyé : {'id_dosi': '252528', 'batterie': '1', 'hors_service': '1'}
2026-06-03 08:24:10,817 - INFO - Connecté au broker MQTT !
2026-06-03 09:16:12,916 - INFO - Connecté au broker MQTT !
2026-06-03 09:19:30,207 - INFO - Connecté au broker MQTT !
2026-06-03 09:25:43,474 - INFO - Connecté au broker MQTT !
2026-06-03 09:28:11,781 - INFO - Connecté au broker MQTT !
2026-06-03 11:08:24,581 - INFO - id DOSI recu : {'id_dosi': '220486'}
2026-06-03 11:08:24,644 - INFO - Dosimètre non présent dans la bdd
2026-06-03 11:08:31,235 - INFO - id DOSI recu : {'id_dosi': '252528'}
2026-06-03 11:08:31,296 - INFO - État du dosimètre envoyé : {'id_dosi': '252528', 'batterie': '1', 'hors_service': '1'}
2026-06-03 11:09:06,235 - INFO - id DOSI recu : {'id_dosi': '220486'}
2026-06-03 11:09:06,297 - INFO - Dosimètre non présent dans la bdd
2026-06-03 11:09:10,393 - INFO - id DOSI recu : {'id_dosi': '252528'}
2026-06-03 11:09:10,460 - INFO - État du dosimètre envoyé : {'id_dosi': '252528', 'batterie': '1', 'hors_service': '1'}
2026-06-03 11:09:27,959 - INFO - id DOSI recu : {'id_dosi': '252528'}
2026-06-03 11:09:28,031 - INFO - État du dosimètre envoyé : {'id_dosi': '252528', 'batterie': '1', 'hors_service': '1'}
2026-06-03 11:09:43,783 - INFO - id DOSI recu : {'id_dosi': '252528'}
2026-06-03 11:09:43,849 - INFO - État du dosimètre envoyé : {'id_dosi': '252528', 'batterie': '1', 'hors_service': '1'}
2026-06-03 11:10:08,829 - INFO - id BADGE recu : {'id_badge': '220486'}
2026-06-03 11:10:08,895 - INFO - Badge non présent dans la bdd
2026-06-03 11:10:12,663 - INFO - id DOSI recu : {'id_dosi': '252528'}
2026-06-03 11:10:12,725 - INFO - État du dosimètre envoyé : {'id_dosi': '252528', 'batterie': '1', 'hors_service': '1'}
2026-06-03 11:10:16,415 - INFO - id BADGE recu : {'id_badge': '220486'}
2026-06-03 11:10:16,470 - INFO - Badge non présent dans la bdd
2026-06-03 11:10:20,243 - INFO - id DOSI recu : {'id_dosi': '252528'}
2026-06-03 11:10:20,315 - INFO - État du dosimètre envoyé : {'id_dosi': '252528', 'batterie': '1', 'hors_service': '1'}
2026-06-03 11:10:23,943 - INFO - id BADGE recu : {'id_badge': '220486'}
2026-06-03 11:10:23,999 - INFO - Badge non présent dans la bdd
2026-06-03 11:10:27,708 - INFO - id DOSI recu : {'id_dosi': '252528'}
2026-06-03 11:10:27,769 - INFO - État du dosimètre envoyé : {'id_dosi': '252528', 'batterie': '1', 'hors_service': '1'}
2026-06-03 11:10:32,069 - INFO - id BADGE recu : {'id_badge': '220486'}
2026-06-03 11:10:32,130 - INFO - Badge non présent dans la bdd
2026-06-03 11:10:35,928 - INFO - id DOSI recu : {'id_dosi': '252528'}
2026-06-03 11:10:35,995 - INFO - État du dosimètre envoyé : {'id_dosi': '252528', 'batterie': '1', 'hors_service': '1'}
2026-06-03 11:10:40,289 - INFO - id BADGE recu : {'id_badge': '220486'}
2026-06-03 11:10:40,355 - INFO - Badge non présent dans la bdd
2026-06-03 11:10:44,118 - INFO - id DOSI recu : {'id_dosi': '252528'}
2026-06-03 11:10:44,184 - INFO - État du dosimètre envoyé : {'id_dosi': '252528', 'batterie': '1', 'hors_service': '1'}
2026-06-03 11:10:48,086 - INFO - id BADGE recu : {'id_badge': '220486'}
2026-06-03 11:10:48,142 - INFO - Badge non présent dans la bdd
2026-06-03 11:10:51,865 - INFO - id DOSI recu : {'id_dosi': '252528'}
2026-06-03 11:10:51,926 - INFO - État du dosimètre envoyé : {'id_dosi': '252528', 'batterie': '1', 'hors_service': '1'}
2026-06-03 11:10:56,404 - INFO - id BADGE recu : {'id_badge': '220486'}
2026-06-03 11:10:56,470 - INFO - État du badge envoyé : {'id_badge': '220486', 'formation': 1, 'visite_médicale': 1}
2026-06-03 11:10:56,879 - INFO - id DOSI recu : {'id_dosi': '252528'}
2026-06-03 11:10:56,945 - INFO - État du dosimètre envoyé : {'id_dosi': '252528', 'batterie': '1', 'hors_service': '1'}
2026-06-03 11:11:01,720 - INFO - id BADGE recu : {'id_badge': '220486'}
2026-06-03 11:11:01,781 - INFO - État du badge envoyé : {'id_badge': '220486', 'formation': 1, 'visite_médicale': 1}
2026-06-03 11:11:02,206 - INFO - id DOSI recu : {'id_dosi': '252528'}
2026-06-03 11:11:02,283 - INFO - État du dosimètre envoyé : {'id_dosi': '252528', 'batterie': '1', 'hors_service': '1'}
2026-06-03 11:11:07,037 - INFO - id BADGE recu : {'id_badge': '220486'}
2026-06-03 11:11:07,098 - INFO - État du badge envoyé : {'id_badge': '220486', 'formation': 1, 'visite_médicale': 1}
2026-06-03 11:11:07,522 - INFO - id DOSI recu : {'id_dosi': '252528'}
2026-06-03 11:11:07,599 - INFO - État du dosimètre envoyé : {'id_dosi': '252528', 'batterie': '1', 'hors_service': '1'}
2026-06-03 11:11:28,769 - INFO - id DOSI recu : {'id_dosi': '252528'}
2026-06-03 11:11:28,846 - INFO - État du dosimètre envoyé : {'id_dosi': '252528', 'batterie': '1', 'hors_service': '1'}
2026-06-03 11:11:33,393 - INFO - id BADGE recu : {'id_badge': '220486'}
2026-06-03 11:11:33,460 - INFO - État du badge envoyé : {'id_badge': '220486', 'formation': 1, 'visite_médicale': 1}
2026-06-03 11:11:33,879 - INFO - id DOSI recu : {'id_dosi': '252528'}
2026-06-03 11:11:33,955 - INFO - État du dosimètre envoyé : {'id_dosi': '252528', 'batterie': '1', 'hors_service': '1'}
2026-06-03 11:12:02,615 - INFO - id DOSI recu : {'id_dosi': '252528'}
2026-06-03 11:12:02,686 - INFO - État du dosimètre envoyé : {'id_dosi': '252528', 'batterie': '1', 'hors_service': '1'}
2026-06-03 11:12:07,459 - INFO - id BADGE recu : {'id_badge': '220486'}
2026-06-03 11:12:07,536 - INFO - État du badge envoyé : {'id_badge': '220486', 'formation': 1, 'visite_médicale': 1}
2026-06-03 11:12:07,930 - INFO - id DOSI recu : {'id_dosi': '252528'}
2026-06-03 11:12:07,981 - INFO - État du dosimètre envoyé : {'id_dosi': '252528', 'batterie': '1', 'hors_service': '1'}
2026-06-03 11:12:56,005 - INFO - id DOSI recu : {'id_dosi': '220486'}
2026-06-03 11:12:56,061 - INFO - Dosimètre non présent dans la bdd
2026-06-03 11:13:02,556 - INFO - id DOSI recu : {'id_dosi': '252528'}
2026-06-03 11:13:02,633 - INFO - État du dosimètre envoyé : {'id_dosi': '252528', 'batterie': '1', 'hors_service': '1'}
2026-06-03 11:13:10,462 - INFO - id DOSI recu : {'id_dosi': '252528'}
2026-06-03 11:13:10,533 - INFO - État du dosimètre envoyé : {'id_dosi': '252528', 'batterie': '1', 'hors_service': '1'}
2026-06-03 11:13:15,107 - INFO - id BADGE recu : {'id_badge': '220486'}
2026-06-03 11:13:15,168 - INFO - État du badge envoyé : {'id_badge': '220486', 'formation': 1, 'visite_médicale': 1}
2026-06-03 11:13:15,592 - INFO - id DOSI recu : {'id_dosi': '252528'}
2026-06-03 11:13:15,673 - INFO - État du dosimètre envoyé : {'id_dosi': '252528', 'batterie': '1', 'hors_service': '1'}
2026-06-03 11:15:23,926 - INFO - id BADGE recu : {'id_badge': '220486'}
2026-06-03 11:15:24,002 - INFO - État du badge envoyé : {'id_badge': '220486', 'formation': 1, 'visite_médicale': 0}
2026-06-03 11:15:24,421 - INFO - id DOSI recu : {'id_dosi': '252528'}
2026-06-03 11:15:24,487 - INFO - État du dosimètre envoyé : {'id_dosi': '252528', 'batterie': '1', 'hors_service': '1'}
2026-06-03 11:15:29,483 - INFO - id BADGE recu : {'id_badge': '220486'}
2026-06-03 11:15:29,555 - INFO - État du badge envoyé : {'id_badge': '220486', 'formation': 1, 'visite_médicale': 0}
2026-06-03 11:15:29,969 - INFO - id DOSI recu : {'id_dosi': '252528'}
2026-06-03 11:15:30,025 - INFO - État du dosimètre envoyé : {'id_dosi': '252528', 'batterie': '1', 'hors_service': '1'}
2026-06-03 11:16:07,636 - INFO - id BADGE recu : {'id_badge': '220486'}
2026-06-03 11:16:07,707 - INFO - État du badge envoyé : {'id_badge': '220486', 'formation': 1, 'visite_médicale': 0}
2026-06-03 11:16:08,106 - INFO - id DOSI recu : {'id_dosi': '252528'}
2026-06-03 11:16:08,162 - INFO - État du dosimètre envoyé : {'id_dosi': '252528', 'batterie': '1', 'hors_service': '1'}
2026-06-03 11:16:22,071 - INFO - id DOSI recu : {'id_dosi': '252528'}
2026-06-03 11:16:22,133 - INFO - État du dosimètre envoyé : {'id_dosi': '252528', 'batterie': '1', 'hors_service': '1'}
2026-06-03 11:16:56,003 - INFO - id BADGE recu : {'id_badge': '220486'}
2026-06-03 11:16:56,069 - INFO - État du badge envoyé : {'id_badge': '220486', 'formation': 1, 'visite_médicale': 0}
2026-06-03 11:16:56,526 - INFO - id DOSI recu : {'id_dosi': '252528'}
2026-06-03 11:16:56,593 - INFO - État du dosimètre envoyé : {'id_dosi': '252528', 'batterie': '1', 'hors_service': '1'}
2026-06-03 11:17:42,715 - INFO - id BADGE recu : {'id_badge': '220486'}
2026-06-03 11:17:42,792 - INFO - État du badge envoyé : {'id_badge': '220486', 'formation': 1, 'visite_médicale': 0}
2026-06-03 11:17:43,204 - INFO - id DOSI recu : {'id_dosi': '252528'}
2026-06-03 11:17:43,282 - INFO - État du dosimètre envoyé : {'id_dosi': '252528', 'batterie': '1', 'hors_service': '1'}
2026-06-03 11:17:48,012 - INFO - id BADGE recu : {'id_badge': '220486'}
2026-06-03 11:17:48,084 - INFO - État du badge envoyé : {'id_badge': '220486', 'formation': 1, 'visite_médicale': 0}
2026-06-03 11:18:34,886 - INFO - id DOSI recu : {'id_dosi': '220486'}
2026-06-03 11:18:34,937 - INFO - Dosimètre non présent dans la bdd
2026-06-03 11:18:39,568 - INFO - id DOSI recu : {'id_dosi': '252528'}
2026-06-03 11:18:39,624 - INFO - État du dosimètre envoyé : {'id_dosi': '252528', 'batterie': '1', 'hors_service': '1'}
2026-06-03 11:18:43,972 - INFO - id BADGE recu : {'id_badge': '220486'}
2026-06-03 11:18:44,028 - INFO - État du badge envoyé : {'id_badge': '220486', 'formation': 1, 'visite_médicale': 0}
2026-06-03 11:18:44,458 - INFO - id DOSI recu : {'id_dosi': '252528'}
2026-06-03 11:18:44,539 - INFO - État du dosimètre envoyé : {'id_dosi': '252528', 'batterie': '1', 'hors_service': '1'}
2026-06-03 11:21:30,526 - INFO - id DOSI recu : {'id_dosi': '220486'}
2026-06-03 11:21:30,587 - INFO - Dosimètre non présent dans la bdd
2026-06-03 11:21:35,067 - INFO - id DOSI recu : {'id_dosi': '252528'}
2026-06-03 11:21:35,128 - INFO - État du dosimètre envoyé : {'id_dosi': '252528', 'batterie': '1', 'hors_service': '1'}
2026-06-03 11:21:39,928 - INFO - id BADGE recu : {'id_badge': '456470'}
2026-06-03 11:21:39,984 - INFO - Badge non présent dans la bdd
2026-06-03 11:21:43,707 - INFO - id DOSI recu : {'id_dosi': '252528'}
2026-06-03 11:21:43,764 - INFO - État du dosimètre envoyé : {'id_dosi': '252528', 'batterie': '1', 'hors_service': '1'}
2026-06-03 11:21:47,350 - INFO - id BADGE recu : {'id_badge': '220486'}
2026-06-03 11:21:47,416 - INFO - État du badge envoyé : {'id_badge': '220486', 'formation': 1, 'visite_médicale': 0}
2026-06-03 11:21:47,751 - INFO - id DOSI recu : {'id_dosi': '252528'}
2026-06-03 11:21:47,817 - INFO - État du dosimètre envoyé : {'id_dosi': '252528', 'batterie': '1', 'hors_service': '1'}
2026-06-03 11:22:24,921 - INFO - id BADGE recu : {'id_badge': '220486'}
2026-06-03 11:22:24,992 - INFO - État du badge envoyé : {'id_badge': '220486', 'formation': 0, 'visite_médicale': 0}
2026-06-03 11:22:25,407 - INFO - id DOSI recu : {'id_dosi': '252528'}
2026-06-03 11:22:25,478 - INFO - État du dosimètre envoyé : {'id_dosi': '252528', 'batterie': '1', 'hors_service': '1'}
2026-06-03 11:22:30,688 - INFO - id BADGE recu : {'id_badge': '220486'}
2026-06-03 11:22:30,759 - INFO - État du badge envoyé : {'id_badge': '220486', 'formation': 0, 'visite_médicale': 0}
2026-06-03 11:22:31,173 - INFO - id DOSI recu : {'id_dosi': '252528'}
2026-06-03 11:22:31,229 - INFO - État du dosimètre envoyé : {'id_dosi': '252528', 'batterie': '1', 'hors_service': '1'}
2026-06-03 11:27:26,842 - INFO - id BADGE recu : {'id_badge': '456470'}
2026-06-03 11:27:26,898 - INFO - Badge non présent dans la bdd
2026-06-03 11:27:30,586 - INFO - id DOSI recu : {'id_dosi': '252528'}
2026-06-03 11:27:30,657 - INFO - État du dosimètre envoyé : {'id_dosi': '252528', 'batterie': '1', 'hors_service': '1'}
2026-06-03 11:42:06,619 - INFO - id DOSI recu : {'id_dosi': '220486'}
2026-06-03 11:42:06,678 - INFO - Dosimètre non présent dans la bdd
2026-06-03 11:42:15,485 - INFO - id DOSI recu : {'id_dosi': '252528'}
2026-06-03 11:42:15,556 - INFO - État du dosimètre envoyé : {'id_dosi': '252528', 'batterie': '1', 'hors_service': '1'}
2026-06-03 11:42:19,236 - INFO - id BADGE recu : {'id_badge': '220486'}
2026-06-03 11:42:19,297 - INFO - Badge non présent dans la bdd
2026-06-03 11:42:23,029 - INFO - id DOSI recu : {'id_dosi': '252528'}
2026-06-03 11:42:23,106 - INFO - État du dosimètre envoyé : {'id_dosi': '252528', 'batterie': '1', 'hors_service': '1'}
2026-06-03 12:16:37,906 - INFO - id BADGE recu : {'id_badge': '220486'}
2026-06-03 12:16:37,963 - INFO - État du badge envoyé : {'id_badge': '220486', 'formation': 0, 'visite_médicale': 0}
2026-06-03 12:16:38,392 - INFO - id DOSI recu : {'id_dosi': '252528'}
2026-06-03 12:16:38,463 - INFO - État du dosimètre envoyé : {'id_dosi': '252528', 'batterie': '1', 'hors_service': '1'}
2026-06-04 06:57:52,588 - INFO - Connecté au broker MQTT !
2026-06-04 06:59:28,989 - INFO - Connecté au broker MQTT !
2026-06-04 09:47:25,942 - INFO - Connecté au broker MQTT !
2026-06-04 09:51:34,419 - INFO - Connecté au broker MQTT !
2026-06-04 09:57:33,520 - INFO - Connecté au broker MQTT !
2026-06-04 11:59:36,933 - INFO - id DOSI recu : {'id_dosi': '252528'}
2026-06-04 11:59:37,027 - INFO - État du dosimètre envoyé : {'id_dosi': '252528', 'batterie': '1', 'hors_service': '1'}
2026-06-04 11:59:52,529 - INFO - id BADGE recu : {'id_badge': '220486'}
2026-06-04 11:59:52,595 - INFO - État du badge envoyé : {'id_badge': '220486', 'formation': 0, 'visite_médicale': 0}
2026-06-04 11:59:53,014 - INFO - id DOSI recu : {'id_dosi': '252528'}
2026-06-04 11:59:53,076 - INFO - État du dosimètre envoyé : {'id_dosi': '252528', 'batterie': '1', 'hors_service': '1'}
2026-06-04 11:59:57,003 - INFO - id BADGE recu : {'id_badge': '220486'}
2026-06-04 11:59:57,059 - INFO - État du badge envoyé : {'id_badge': '220486', 'formation': 0, 'visite_médicale': 0}
2026-06-04 11:59:57,489 - INFO - id DOSI recu : {'id_dosi': '252528'}
2026-06-04 11:59:57,570 - INFO - État du dosimètre envoyé : {'id_dosi': '252528', 'batterie': '1', 'hors_service': '1'}
2026-06-04 12:00:01,686 - INFO - id BADGE recu : {'id_badge': '456470'}
2026-06-04 12:00:01,742 - INFO - Badge non présent dans la bdd
2026-06-04 12:00:05,553 - INFO - id DOSI recu : {'id_dosi': '252528'}
2026-06-04 12:00:05,619 - INFO - État du dosimètre envoyé : {'id_dosi': '252528', 'batterie': '1', 'hors_service': '1'}
2026-06-04 12:05:28,241 - INFO - id DOSI recu : {'id_dosi': '252528'}
2026-06-04 12:05:28,313 - INFO - État du dosimètre envoyé : {'id_dosi': '252528', 'batterie': '1', 'hors_service': '0'}
2026-06-04 12:05:32,046 - INFO - id DOSI recu : {'id_dosi': '252528'}
2026-06-04 12:05:32,123 - INFO - État du dosimètre envoyé : {'id_dosi': '252528', 'batterie': '1', 'hors_service': '0'}
2026-06-04 12:05:35,884 - INFO - id DOSI recu : {'id_dosi': '252528'}
2026-06-04 12:05:35,961 - INFO - État du dosimètre envoyé : {'id_dosi': '252528', 'batterie': '1', 'hors_service': '0'}
2026-06-04 12:05:39,679 - INFO - id DOSI recu : {'id_dosi': '252528'}
2026-06-04 12:05:39,741 - INFO - État du dosimètre envoyé : {'id_dosi': '252528', 'batterie': '1', 'hors_service': '0'}
2026-06-04 12:05:43,512 - INFO - id DOSI recu : {'id_dosi': '252528'}
2026-06-04 12:05:43,564 - INFO - État du dosimètre envoyé : {'id_dosi': '252528', 'batterie': '1', 'hors_service': '0'}
2026-06-04 12:05:47,207 - INFO - id DOSI recu : {'id_dosi': '252528'}
2026-06-04 12:05:47,284 - INFO - État du dosimètre envoyé : {'id_dosi': '252528', 'batterie': '1', 'hors_service': '0'}
2026-06-04 12:05:51,044 - INFO - id DOSI recu : {'id_dosi': '252528'}
2026-06-04 12:05:51,106 - INFO - État du dosimètre envoyé : {'id_dosi': '252528', 'batterie': '1', 'hors_service': '0'}
2026-06-04 12:05:54,838 - INFO - id DOSI recu : {'id_dosi': '252528'}
2026-06-04 12:05:54,915 - INFO - État du dosimètre envoyé : {'id_dosi': '252528', 'batterie': '1', 'hors_service': '0'}
2026-06-04 12:05:58,696 - INFO - id DOSI recu : {'id_dosi': '252528'}
2026-06-04 12:05:58,768 - INFO - État du dosimètre envoyé : {'id_dosi': '252528', 'batterie': '1', 'hors_service': '0'}
2026-06-04 12:06:02,491 - INFO - id DOSI recu : {'id_dosi': '252528'}
2026-06-04 12:06:02,552 - INFO - État du dosimètre envoyé : {'id_dosi': '252528', 'batterie': '1', 'hors_service': '0'}
2026-06-04 12:06:06,347 - INFO - id DOSI recu : {'id_dosi': '252528'}
2026-06-04 12:06:06,419 - INFO - État du dosimètre envoyé : {'id_dosi': '252528', 'batterie': '1', 'hors_service': '0'}
2026-06-04 12:06:10,144 - INFO - id DOSI recu : {'id_dosi': '252528'}
2026-06-04 12:06:10,211 - INFO - État du dosimètre envoyé : {'id_dosi': '252528', 'batterie': '1', 'hors_service': '0'}
2026-06-04 12:06:14,002 - INFO - id DOSI recu : {'id_dosi': '252528'}
2026-06-04 12:06:14,063 - INFO - État du dosimètre envoyé : {'id_dosi': '252528', 'batterie': '1', 'hors_service': '0'}
2026-06-04 12:06:17,796 - INFO - id DOSI recu : {'id_dosi': '252528'}
2026-06-04 12:06:17,863 - INFO - État du dosimètre envoyé : {'id_dosi': '252528', 'batterie': '1', 'hors_service': '0'}
2026-06-04 12:06:21,635 - INFO - id DOSI recu : {'id_dosi': '252528'}
2026-06-04 12:06:21,708 - INFO - État du dosimètre envoyé : {'id_dosi': '252528', 'batterie': '1', 'hors_service': '1'}
2026-06-04 12:08:06,018 - INFO - id BADGE recu : {'id_badge': '456470'}
2026-06-04 12:08:06,101 - INFO - Badge non présent dans la bdd
2026-06-04 12:08:38,291 - INFO - id DOSI recu : {'id_dosi': '252528'}
2026-06-04 12:08:38,347 - INFO - État du dosimètre envoyé : {'id_dosi': '252528', 'batterie': '1', 'hors_service': '1'}
2026-06-04 12:08:43,261 - INFO - id BADGE recu : {'id_badge': '456470'}
2026-06-04 12:08:43,313 - INFO - Badge non présent dans la bdd
2026-06-04 12:09:15,363 - INFO - id DOSI recu : {'id_dosi': '252528'}
2026-06-04 12:09:15,429 - INFO - État du dosimètre envoyé : {'id_dosi': '252528', 'batterie': '1', 'hors_service': '1'}
2026-06-04 12:09:23,190 - INFO - id BADGE recu : {'id_badge': '456470'}
2026-06-04 12:09:23,246 - INFO - Badge non présent dans la bdd
2026-06-04 12:09:26,968 - INFO - id DOSI recu : {'id_dosi': '252528'}
2026-06-04 12:09:27,040 - INFO - État du dosimètre envoyé : {'id_dosi': '252528', 'batterie': '1', 'hors_service': '1'}
2026-06-04 12:10:00,573 - INFO - id BADGE recu : {'id_badge': '456470'}
2026-06-04 12:10:00,643 - INFO - Badge non présent dans la bdd
2026-06-04 12:10:04,339 - INFO - id DOSI recu : {'id_dosi': '252528'}
2026-06-04 12:10:04,411 - INFO - État du dosimètre envoyé : {'id_dosi': '252528', 'batterie': '1', 'hors_service': '1'}
2026-06-04 12:10:12,440 - INFO - id BADGE recu : {'id_badge': '456470'}
2026-06-04 12:10:12,507 - INFO - État du badge envoyé : {'id_badge': '456470', 'formation': 1, 'visite_médicale': 1}
2026-06-04 12:10:12,776 - INFO - id DOSI recu : {'id_dosi': '252528'}
2026-06-04 12:10:12,847 - INFO - État du dosimètre envoyé : {'id_dosi': '252528', 'batterie': '1', 'hors_service': '1'}
2026-06-04 12:10:24,359 - INFO - id BADGE recu : {'id_badge': '456470'}
2026-06-04 12:10:24,425 - INFO - État du badge envoyé : {'id_badge': '456470', 'formation': 1, 'visite_médicale': 1}
2026-06-04 12:10:24,695 - INFO - id DOSI recu : {'id_dosi': '252528'}
2026-06-04 12:10:24,751 - INFO - État du dosimètre envoyé : {'id_dosi': '252528', 'batterie': '1', 'hors_service': '1'}
2026-06-04 12:10:31,783 - INFO - id BADGE recu : {'id_badge': '456470'}
2026-06-04 12:10:31,870 - INFO - État du badge envoyé : {'id_badge': '456470', 'formation': 1, 'visite_médicale': 1}
2026-06-04 12:10:32,118 - INFO - id DOSI recu : {'id_dosi': '252528'}
2026-06-04 12:10:32,195 - INFO - État du dosimètre envoyé : {'id_dosi': '252528', 'batterie': '1', 'hors_service': '1'}
2026-06-04 12:10:42,623 - INFO - id DOSI recu : {'id_dosi': '252528'}
2026-06-04 12:10:42,699 - INFO - État du dosimètre envoyé : {'id_dosi': '252528', 'batterie': '1', 'hors_service': '1'}
2026-06-04 12:11:05,980 - INFO - id DOSI recu : {'id_dosi': '252528'}
2026-06-04 12:11:06,057 - INFO - État du dosimètre envoyé : {'id_dosi': '252528', 'batterie': '1', 'hors_service': '1'}
2026-06-04 12:11:13,855 - INFO - id DOSI recu : {'id_dosi': '252528'}
2026-06-04 12:11:13,916 - INFO - État du dosimètre envoyé : {'id_dosi': '252528', 'batterie': '1', 'hors_service': '1'}
2026-06-04 12:11:21,015 - INFO - id DOSI recu : {'id_dosi': '252528'}
2026-06-04 12:11:21,097 - INFO - État du dosimètre envoyé : {'id_dosi': '252528', 'batterie': '1', 'hors_service': '1'}
2026-06-04 12:12:06,383 - INFO - id BADGE recu : {'id_badge': '220486'}
2026-06-04 12:12:06,450 - INFO - État du badge envoyé : {'id_badge': '220486', 'formation': 0, 'visite_médicale': 0}
2026-06-04 12:12:06,868 - INFO - id DOSI recu : {'id_dosi': '252528'}
2026-06-04 12:12:06,951 - INFO - État du dosimètre envoyé : {'id_dosi': '252528', 'batterie': '1', 'hors_service': '1'}
2026-06-04 12:13:59,985 - INFO - id DOSI recu : {'id_dosi': '252528'}
2026-06-04 12:14:00,056 - INFO - État du dosimètre envoyé : {'id_dosi': '252528', 'batterie': '1', 'hors_service': '1'}
2026-06-04 12:15:49,464 - INFO - id DOSI recu : {'id_dosi': '252528'}
2026-06-04 12:15:49,525 - INFO - État du dosimètre envoyé : {'id_dosi': '252528', 'batterie': '1', 'hors_service': '1'}
2026-06-04 12:23:11,272 - INFO - id DOSI recu : {'id_dosi': '252528'}
2026-06-04 12:23:11,344 - INFO - État du dosimètre envoyé : {'id_dosi': '252528', 'batterie': '1', 'hors_service': '1'}
2026-06-04 12:23:31,194 - INFO - id BADGE recu : {'id_badge': '220486'}
2026-06-04 12:23:31,255 - INFO - État du badge envoyé : {'id_badge': '220486', 'formation': 0, 'visite_médicale': 0}
2026-06-04 12:23:31,683 - INFO - id DOSI recu : {'id_dosi': '252528'}
2026-06-04 12:23:31,740 - INFO - État du dosimètre envoyé : {'id_dosi': '252528', 'batterie': '1', 'hors_service': '1'}
2026-06-04 12:29:47,750 - INFO - id DOSI recu : {'id_dosi': '252528'}
2026-06-04 12:29:47,811 - INFO - État du dosimètre envoyé : {'id_dosi': '252528', 'batterie': '1', 'hors_service': '1'}
2026-06-04 12:32:09,792 - INFO - id DOSI recu : {'id_dosi': '252528'}
2026-06-04 12:32:09,853 - INFO - État du dosimètre envoyé : {'id_dosi': '252528', 'batterie': '1', 'hors_service': '1'}
2026-06-04 12:33:03,652 - INFO - id DOSI recu : {'id_dosi': '220486'}
2026-06-04 12:33:03,709 - INFO - Dosimètre non présent dans la bdd
2026-06-04 12:33:08,097 - INFO - id DOSI recu : {'id_dosi': '252528'}
2026-06-04 12:33:08,173 - INFO - État du dosimètre envoyé : {'id_dosi': '252528', 'batterie': '1', 'hors_service': '1'}
2026-06-04 12:36:36,464 - INFO - id DOSI recu : {'id_dosi': '252528'}
2026-06-04 12:36:36,543 - INFO - État du dosimètre envoyé : {'id_dosi': '252528', 'batterie': '1', 'hors_service': '1'}
2026-06-04 12:36:40,051 - INFO - id BADGE recu : {'id_badge': '220486'}
2026-06-04 12:36:40,122 - INFO - État du badge envoyé : {'id_badge': '220486', 'formation': 0, 'visite_médicale': 1}
2026-06-04 12:39:10,625 - INFO - id DOSI recu : {'id_dosi': '252528'}
2026-06-04 12:39:10,696 - INFO - État du dosimètre envoyé : {'id_dosi': '252528', 'batterie': '1', 'hors_service': '1'}
2026-06-04 12:39:14,213 - INFO - id BADGE recu : {'id_badge': '220486'}
2026-06-04 12:39:14,296 - INFO - État du badge envoyé : {'id_badge': '220486', 'formation': 0, 'visite_médicale': 1}
2026-06-04 12:40:18,549 - INFO - id DOSI recu : {'id_dosi': '252528'}
2026-06-04 12:40:18,615 - INFO - État du dosimètre envoyé : {'id_dosi': '252528', 'batterie': '1', 'hors_service': '1'}
2026-06-04 12:40:22,078 - INFO - id BADGE recu : {'id_badge': '220486'}
2026-06-04 12:40:22,154 - INFO - État du badge envoyé : {'id_badge': '220486', 'formation': 0, 'visite_médicale': 1}
2026-06-04 12:43:38,896 - INFO - id DOSI recu : {'id_dosi': '252528'}
2026-06-04 12:43:38,957 - INFO - État du dosimètre envoyé : {'id_dosi': '252528', 'batterie': '1', 'hors_service': '1'}
2026-06-04 12:43:45,180 - INFO - id BADGE recu : {'id_badge': '220486'}
2026-06-04 12:43:45,252 - INFO - État du badge envoyé : {'id_badge': '220486', 'formation': 0, 'visite_médicale': 1}
2026-06-04 12:43:56,173 - INFO - id DOSI recu : {'id_dosi': '252528'}
2026-06-04 12:43:56,244 - INFO - État du dosimètre envoyé : {'id_dosi': '252528', 'batterie': '1', 'hors_service': '1'}
2026-06-04 12:43:59,858 - INFO - id BADGE recu : {'id_badge': '220486'}
2026-06-04 12:43:59,924 - INFO - État du badge envoyé : {'id_badge': '220486', 'formation': 0, 'visite_médicale': 1}
2026-06-04 12:44:26,568 - INFO - id DOSI recu : {'id_dosi': '252528'}
2026-06-04 12:44:26,639 - INFO - État du dosimètre envoyé : {'id_dosi': '252528', 'batterie': '1', 'hors_service': '1'}
2026-06-04 12:44:33,390 - INFO - id BADGE recu : {'id_badge': '220486'}
2026-06-04 12:44:33,456 - INFO - État du badge envoyé : {'id_badge': '220486', 'formation': 0, 'visite_médicale': 1}
2026-06-04 12:44:33,726 - INFO - id DOSI recu : {'id_dosi': '252528'}
2026-06-04 12:44:33,808 - INFO - État du dosimètre envoyé : {'id_dosi': '252528', 'batterie': '1', 'hors_service': '1'}
2026-06-04 12:44:38,917 - INFO - id BADGE recu : {'id_badge': '220486'}
2026-06-04 12:44:38,984 - INFO - État du badge envoyé : {'id_badge': '220486', 'formation': 0, 'visite_médicale': 1}
2026-06-04 12:44:39,403 - INFO - id DOSI recu : {'id_dosi': '252528'}
2026-06-04 12:44:39,454 - INFO - État du dosimètre envoyé : {'id_dosi': '252528', 'batterie': '1', 'hors_service': '1'}
2026-06-04 12:54:53,690 - INFO - Connecté au broker MQTT !
2026-06-04 13:01:26,435 - INFO - Connecté au broker MQTT !
2026-06-04 13:02:36,304 - INFO - id DOSI recu : {'id_dosi': '252528'}
2026-06-04 13:02:36,378 - INFO - etat du dosimètre envoye : {'id_dosi': '252528', 'batterie': 1, 'hors_service': 1}
2026-06-04 13:03:04,071 - INFO - id DOSI recu : {'id_dosi': '252528'}
2026-06-04 13:03:04,123 - INFO - etat du dosimètre envoye : {'id_dosi': '252528', 'batterie': 1, 'hors_service': 1}
2026-06-04 13:03:09,170 - INFO - id BADGE recu : {'id_badge': '220486'}
2026-06-04 13:03:09,232 - INFO - etat du badge envoye : {'id_badge': '220486', 'formation': 0, 'visite_medicale': 1}
2026-06-04 13:03:13,021 - INFO - id DOSI recu : {'id_dosi': '252528'}
2026-06-04 13:03:13,087 - INFO - etat du dosimètre envoye : {'id_dosi': '252528', 'batterie': 1, 'hors_service': 1}
2026-06-04 13:03:17,251 - INFO - id BADGE recu : {'id_badge': '220486'}
2026-06-04 13:03:17,315 - INFO - etat du badge envoye : {'id_badge': '220486', 'formation': 0, 'visite_medicale': 1}
2026-06-04 13:03:21,006 - INFO - id DOSI recu : {'id_dosi': '252528'}
2026-06-04 13:03:21,067 - INFO - etat du dosimètre envoye : {'id_dosi': '252528', 'batterie': 1, 'hors_service': 1}
2026-06-04 13:03:31,240 - INFO - id BADGE recu : {'id_badge': '220486'}
2026-06-04 13:03:31,306 - INFO - etat du badge envoye : {'id_badge': '220486', 'formation': 1, 'visite_medicale': 1}
2026-06-04 13:04:37,277 - INFO - id DOSI recu : {'id_dosi': '220486'}
2026-06-04 13:04:37,334 - INFO - Dosimètre non present dans la bdd
2026-06-04 13:04:41,424 - INFO - id DOSI recu : {'id_dosi': '252528'}
2026-06-04 13:04:41,495 - INFO - etat du dosimètre envoye : {'id_dosi': '252528', 'batterie': 1, 'hors_service': 1}
2026-06-04 13:05:06,145 - INFO - id DOSI recu : {'id_dosi': '252528'}
2026-06-04 13:05:06,211 - INFO - etat du dosimètre envoye : {'id_dosi': '252528', 'batterie': 1, 'hors_service': 1}
2026-06-04 13:05:10,541 - INFO - id BADGE recu : {'id_badge': '220486'}
2026-06-04 13:05:10,613 - INFO - etat du badge envoye : {'id_badge': '220486', 'formation': 1, 'visite_medicale': 1}
2026-06-04 13:14:50,159 - INFO - id DOSI recu : {'id_dosi': '252528'}
2026-06-04 13:14:50,221 - INFO - etat du dosimètre envoye : {'id_dosi': '252528', 'batterie': 1, 'hors_service': 1}
2026-06-04 13:15:08,541 - INFO - id DOSI recu : {'id_dosi': '252528'}
2026-06-04 13:15:08,628 - INFO - etat du dosimètre envoye : {'id_dosi': '252528', 'batterie': 1, 'hors_service': 1}
2026-06-04 13:15:14,442 - INFO - id BADGE recu : {'id_badge': '220486'}
2026-06-04 13:15:14,503 - INFO - etat du badge envoye : {'id_badge': '220486', 'formation': 1, 'visite_medicale': 1}
2026-06-04 13:17:30,245 - INFO - id DOSI recu : {'id_dosi': '252528'}
2026-06-04 13:17:30,306 - INFO - etat du dosimètre envoye : {'id_dosi': '252528', 'batterie': 1, 'hors_service': 1}
2026-06-04 13:17:43,932 - INFO - id DOSI recu : {'id_dosi': '252528'}
2026-06-04 13:17:43,998 - INFO - etat du dosimètre envoye : {'id_dosi': '252528', 'batterie': 1, 'hors_service': 1}
2026-06-04 13:17:48,072 - INFO - id BADGE recu : {'id_badge': '220486'}
2026-06-04 13:17:48,141 - INFO - etat du badge envoye : {'id_badge': '220486', 'formation': 1, 'visite_medicale': 1}
2026-06-04 13:37:31,177 - INFO - id DOSI recu : {'id_dosi': '252528'}
2026-06-04 13:37:31,248 - INFO - etat du dosimètre envoye : {'id_dosi': '252528', 'batterie': 1, 'hors_service': 1}
2026-06-04 13:37:42,670 - INFO - id DOSI recu : {'id_dosi': '252528'}
2026-06-04 13:37:42,727 - INFO - etat du dosimètre envoye : {'id_dosi': '252528', 'batterie': 1, 'hors_service': 1}
2026-06-04 13:37:46,270 - INFO - id BADGE recu : {'id_badge': '220486'}
2026-06-04 13:37:46,336 - INFO - etat du badge envoye : {'id_badge': '220486', 'formation': 1, 'visite_medicale': 1}
2026-06-04 13:50:52,852 - INFO - id DOSI recu : {'id_dosi': '252528'}
2026-06-04 13:50:52,909 - INFO - etat du dosimètre envoye : {'id_dosi': '252528', 'batterie': 1, 'hors_service': 1}
2026-06-04 13:51:05,339 - INFO - id DOSI recu : {'id_dosi': '252528'}
2026-06-04 13:51:05,395 - INFO - etat du dosimètre envoye : {'id_dosi': '252528', 'batterie': 1, 'hors_service': 1}
2026-06-04 13:51:09,375 - INFO - id BADGE recu : {'id_badge': '220486'}
2026-06-04 13:51:09,441 - INFO - etat du badge envoye : {'id_badge': '220486', 'formation': 1, 'visite_medicale': 1}
2026-06-04 13:53:34,473 - INFO - id DOSI recu : {'id_dosi': '252528'}
2026-06-04 13:53:34,539 - INFO - etat du dosimètre envoye : {'id_dosi': '252528', 'batterie': 1, 'hors_service': 1}
2026-06-04 13:53:47,245 - INFO - id DOSI recu : {'id_dosi': '252528'}
2026-06-04 13:53:47,311 - INFO - etat du dosimètre envoye : {'id_dosi': '252528', 'batterie': 1, 'hors_service': 1}
2026-06-04 13:53:51,541 - INFO - id BADGE recu : {'id_badge': '220486'}
2026-06-04 13:53:51,597 - INFO - etat du badge envoye : {'id_badge': '220486', 'formation': 1, 'visite_medicale': 1}
2026-06-04 13:54:18,759 - INFO - id attestation recu : {'id_attestation': '48250310 1'}
2026-06-04 13:54:18,821 - INFO - etat de l'attestation envoye : {'id_attestation': '48250310 1', 'date_valide': 1, 'zone_valide': 1}
2026-06-04 13:55:15,071 - INFO - id DOSI recu : {'id_dosi': '252528'}
2026-06-04 13:55:15,142 - INFO - etat du dosimètre envoye : {'id_dosi': '252528', 'batterie': 1, 'hors_service': 1}
2026-06-04 13:55:19,620 - INFO - id BADGE recu : {'id_badge': '220486'}
2026-06-04 13:55:19,686 - INFO - etat du badge envoye : {'id_badge': '220486', 'formation': 1, 'visite_medicale': 1}
2026-06-04 13:55:30,957 - INFO - id DOSI recu : {'id_dosi': '252528'}
2026-06-04 13:55:31,029 - INFO - etat du dosimètre envoye : {'id_dosi': '252528', 'batterie': 1, 'hors_service': 1}
2026-06-04 13:55:35,692 - INFO - id BADGE recu : {'id_badge': '220486'}
2026-06-04 13:55:35,773 - INFO - etat du badge envoye : {'id_badge': '220486', 'formation': 1, 'visite_medicale': 1}
2026-06-04 13:55:47,126 - INFO - id DOSI recu : {'id_dosi': '252528'}
2026-06-04 13:55:47,192 - INFO - etat du dosimètre envoye : {'id_dosi': '252528', 'batterie': 1, 'hors_service': 1}
2026-06-04 13:55:52,171 - INFO - id BADGE recu : {'id_badge': '220486'}
2026-06-04 13:55:52,237 - INFO - etat du badge envoye : {'id_badge': '220486', 'formation': 1, 'visite_medicale': 1}
2026-06-04 13:57:16,910 - INFO - id DOSI recu : {'id_dosi': '252528'}
2026-06-04 13:57:16,976 - INFO - etat du dosimètre envoye : {'id_dosi': '252528', 'batterie': 1, 'hors_service': 1}
2026-06-04 13:57:39,123 - INFO - id DOSI recu : {'id_dosi': '252528'}
2026-06-04 13:57:39,180 - INFO - etat du dosimètre envoye : {'id_dosi': '252528', 'batterie': 1, 'hors_service': 1}
2026-06-04 13:57:58,883 - INFO - id DOSI recu : {'id_dosi': '252528'}
2026-06-04 13:57:58,954 - INFO - etat du dosimètre envoye : {'id_dosi': '252528', 'batterie': 1, 'hors_service': 1}
2026-06-04 13:58:24,057 - INFO - id DOSI recu : {'id_dosi': '252528'}
2026-06-04 13:58:24,123 - INFO - etat du dosimètre envoye : {'id_dosi': '252528', 'batterie': 1, 'hors_service': 1}
2026-06-04 13:58:56,086 - INFO - id DOSI recu : {'id_dosi': '252528'}
2026-06-04 13:58:56,157 - INFO - etat du dosimètre envoye : {'id_dosi': '252528', 'batterie': 1, 'hors_service': 1}
2026-06-04 13:59:41,685 - INFO - id DOSI recu : {'id_dosi': '252528'}
2026-06-04 13:59:41,751 - INFO - etat du dosimètre envoye : {'id_dosi': '252528', 'batterie': 1, 'hors_service': 1}
2026-06-04 14:00:11,976 - INFO - id DOSI recu : {'id_dosi': '252528'}
2026-06-04 14:00:12,032 - INFO - etat du dosimètre envoye : {'id_dosi': '252528', 'batterie': 1, 'hors_service': 1}
2026-06-04 14:00:15,521 - INFO - id BADGE recu : {'id_badge': '220486'}
2026-06-04 14:00:15,577 - INFO - etat du badge envoye : {'id_badge': '220486', 'formation': 1, 'visite_medicale': 1}
2026-06-04 14:01:03,864 - INFO - id DOSI recu : {'id_dosi': '252528'}
2026-06-04 14:01:03,930 - INFO - etat du dosimètre envoye : {'id_dosi': '252528', 'batterie': 1, 'hors_service': 1}
2026-06-04 14:01:10,699 - INFO - id BADGE recu : {'id_badge': '220486'}
2026-06-04 14:01:10,766 - INFO - etat du badge envoye : {'id_badge': '220486', 'formation': 1, 'visite_medicale': 1}
2026-06-04 14:01:22,666 - INFO - id attestation recu : {'id_attestation': '48250310 1'}
2026-06-04 14:01:22,717 - INFO - etat de l'attestation envoye : {'id_attestation': '48250310 1', 'date_valide': 1, 'zone_valide': 1}
2026-06-04 14:02:48,640 - INFO - id DOSI recu : {'id_dosi': '252528'}
2026-06-04 14:02:48,717 - INFO - etat du dosimètre envoye : {'id_dosi': '252528', 'batterie': 1, 'hors_service': 1}
2026-06-04 14:03:16,097 - INFO - id BADGE recu : {'id_badge': '220486'}
2026-06-04 14:03:16,178 - INFO - etat du badge envoye : {'id_badge': '220486', 'formation': 1, 'visite_medicale': 1}
2026-06-04 14:04:03,975 - INFO - id attestation recu : {'id_attestation': '48250310 1'}
2026-06-04 14:04:04,037 - INFO - etat de l'attestation envoye : {'id_attestation': '48250310 1', 'date_valide': 1, 'zone_valide': 1}
2026-06-04 14:26:27,734 - INFO - id DOSI recu : {'id_dosi': '252528'}
2026-06-04 14:26:27,791 - INFO - Dosimètre non present dans la bdd
2026-06-04 14:26:31,383 - INFO - id DOSI recu : {'id_dosi': '252528'}
2026-06-04 14:26:31,433 - INFO - Dosimètre non present dans la bdd
2026-06-04 14:26:35,217 - INFO - id DOSI recu : {'id_dosi': '252528'}
2026-06-04 14:26:35,278 - INFO - Dosimètre non present dans la bdd
2026-06-04 14:26:39,011 - INFO - id DOSI recu : {'id_dosi': '252528'}
2026-06-04 14:26:39,067 - INFO - Dosimètre non present dans la bdd
2026-06-04 14:26:42,866 - INFO - id DOSI recu : {'id_dosi': '252528'}
2026-06-04 14:26:42,917 - INFO - Dosimètre non present dans la bdd
2026-06-04 14:26:46,665 - INFO - id DOSI recu : {'id_dosi': '252528'}
2026-06-04 14:26:46,736 - INFO - Dosimètre non present dans la bdd
2026-06-04 14:26:50,498 - INFO - id DOSI recu : {'id_dosi': '252528'}
2026-06-04 14:26:50,554 - INFO - Dosimètre non present dans la bdd
2026-06-04 14:26:54,294 - INFO - id DOSI recu : {'id_dosi': '252528'}
2026-06-04 14:26:54,350 - INFO - Dosimètre non present dans la bdd
2026-06-04 14:26:58,120 - INFO - id DOSI recu : {'id_dosi': '252528'}
2026-06-04 14:26:58,196 - INFO - etat du dosimètre envoye : {'id_dosi': '252528', 'batterie': 1, 'hors_service': 1}
2026-06-04 14:27:11,821 - INFO - id DOSI recu : {'id_dosi': '252528'}
2026-06-04 14:27:11,892 - INFO - etat du dosimètre envoye : {'id_dosi': '252528', 'batterie': 1, 'hors_service': 1}
2026-06-04 14:27:16,895 - INFO - id BADGE recu : {'id_badge': '220486'}
2026-06-04 14:27:16,961 - INFO - Badge non present dans la bdd
2026-06-04 14:27:20,726 - INFO - id DOSI recu : {'id_dosi': '252528'}
2026-06-04 14:27:20,793 - INFO - etat du dosimètre envoye : {'id_dosi': '252528', 'batterie': 1, 'hors_service': 1}
2026-06-04 14:27:33,144 - INFO - id BADGE recu : {'id_badge': '220486'}
2026-06-04 14:27:33,221 - INFO - etat du badge envoye : {'id_badge': '220486', 'formation': 1, 'visite_medicale': 1}
2026-06-04 14:27:50,988 - INFO - id attestation recu : {'id_attestation': '134'}
2026-06-04 14:27:51,049 - INFO - Attestation non presente dans la bdd
2026-06-04 14:27:54,827 - INFO - id DOSI recu : {'id_dosi': '252528'}
2026-06-04 14:27:54,888 - INFO - etat du dosimètre envoye : {'id_dosi': '252528', 'batterie': 1, 'hors_service': 1}
2026-06-04 14:31:35,148 - INFO - id BADGE recu : {'id_badge': '220486'}
2026-06-04 14:31:35,215 - INFO - etat du badge envoye : {'id_badge': '220486', 'formation': 1, 'visite_medicale': 1}
2026-06-04 14:31:46,613 - INFO - id DOSI recu : {'id_dosi': '252528'}
2026-06-04 14:31:46,684 - INFO - etat du dosimètre envoye : {'id_dosi': '252528', 'batterie': 1, 'hors_service': 1}
2026-06-04 14:31:50,446 - INFO - id BADGE recu : {'id_badge': '220486'}
2026-06-04 14:31:50,523 - INFO - etat du badge envoye : {'id_badge': '220486', 'formation': 1, 'visite_medicale': 1}
2026-06-04 14:31:58,266 - INFO - id DOSI recu : {'id_dosi': '252528'}
2026-06-04 14:31:58,332 - INFO - etat du dosimètre envoye : {'id_dosi': '252528', 'batterie': 1, 'hors_service': 1}
2026-06-04 14:36:40,783 - INFO - id DOSI recu : {'id_dosi': '252528'}
2026-06-04 14:36:40,850 - INFO - etat du dosimètre envoye : {'id_dosi': '252528', 'batterie': 1, 'hors_service': 1}
2026-06-04 14:36:51,350 - INFO - id DOSI recu : {'id_dosi': '252528'}
2026-06-04 14:36:51,437 - INFO - etat du dosimètre envoye : {'id_dosi': '252528', 'batterie': 1, 'hors_service': 1}
2026-06-04 14:37:06,784 - INFO - id DOSI recu : {'id_dosi': '252528'}
2026-06-04 14:37:06,855 - INFO - etat du dosimètre envoye : {'id_dosi': '252528', 'batterie': 1, 'hors_service': 1}
2026-06-04 14:37:10,429 - INFO - id BADGE recu : {'id_badge': '220486'}
2026-06-04 14:37:10,496 - INFO - etat du badge envoye : {'id_badge': '220486', 'formation': 1, 'visite_medicale': 1}
2026-06-04 14:37:50,643 - INFO - id attestation recu : {'id_attestation': '1476993'}
2026-06-04 14:37:50,699 - INFO - Attestation non presente dans la bdd
2026-06-04 14:37:54,504 - INFO - id DOSI recu : {'id_dosi': '252528'}
2026-06-04 14:37:54,571 - INFO - etat du dosimètre envoye : {'id_dosi': '252528', 'batterie': 1, 'hors_service': 1}
2026-06-04 14:38:41,927 - INFO - id DOSI recu : {'id_dosi': '252528'}
2026-06-04 14:38:41,998 - INFO - etat du dosimètre envoye : {'id_dosi': '252528', 'batterie': 1, 'hors_service': 1}
2026-06-04 14:38:52,833 - INFO - id DOSI recu : {'id_dosi': '252528'}
2026-06-04 14:38:52,899 - INFO - etat du dosimètre envoye : {'id_dosi': '252528', 'batterie': 1, 'hors_service': 1}
2026-06-04 14:38:57,836 - INFO - id BADGE recu : {'id_badge': '220486'}
2026-06-04 14:38:57,902 - INFO - etat du badge envoye : {'id_badge': '220486', 'formation': 1, 'visite_medicale': 1}
2026-06-04 14:39:30,576 - INFO - id attestation recu : {'id_attestation': '147369'}
2026-06-04 14:39:30,632 - INFO - Attestation non presente dans la bdd
2026-06-04 14:39:34,407 - INFO - id DOSI recu : {'id_dosi': '252528'}
2026-06-04 14:39:34,484 - INFO - etat du dosimètre envoye : {'id_dosi': '252528', 'batterie': 1, 'hors_service': 1}
2026-06-04 14:46:49,892 - INFO - id DOSI recu : {'id_dosi': '252528'}
2026-06-04 14:46:49,969 - INFO - etat du dosimètre envoye : {'id_dosi': '252528', 'batterie': 1, 'hors_service': 1}
2026-06-04 14:48:31,879 - INFO - id DOSI recu : {'id_dosi': '252528'}
2026-06-04 14:48:31,945 - INFO - etat du dosimètre envoye : {'id_dosi': '252528', 'batterie': 1, 'hors_service': 1}
2026-06-04 14:48:36,449 - INFO - id BADGE recu : {'id_badge': '220486'}
2026-06-04 14:48:36,510 - INFO - etat du badge envoye : {'id_badge': '220486', 'formation': 1, 'visite_medicale': 1}
2026-06-04 14:49:11,049 - INFO - id attestation recu : {'id_attestation': '14736999'}
2026-06-04 14:49:11,100 - INFO - Attestation non presente dans la bdd
2026-06-04 14:49:14,750 - INFO - id DOSI recu : {'id_dosi': '252528'}
2026-06-04 14:49:14,822 - INFO - etat du dosimètre envoye : {'id_dosi': '252528', 'batterie': 1, 'hors_service': 1}
2026-06-04 14:52:07,804 - INFO - id BADGE recu : {'id_badge': '220486'}
2026-06-04 14:52:07,865 - INFO - etat du badge envoye : {'id_badge': '220486', 'formation': 1, 'visite_medicale': 1}
2026-06-04 14:52:56,888 - INFO - id attestation recu : {'id_attestation': '1473336699'}
2026-06-04 14:52:56,939 - INFO - Attestation non presente dans la bdd
2026-06-04 14:53:00,726 - INFO - id DOSI recu : {'id_dosi': '252528'}
2026-06-04 14:53:00,787 - INFO - etat du dosimètre envoye : {'id_dosi': '252528', 'batterie': 1, 'hors_service': 1}
2026-06-04 14:56:12,443 - INFO - id BADGE recu : {'id_badge': '220486'}
2026-06-04 14:56:12,499 - INFO - etat du badge envoye : {'id_badge': '220486', 'formation': 1, 'visite_medicale': 1}
2026-06-04 15:12:47,632 - INFO - id DOSI recu : {'id_dosi': '252528'}
2026-06-04 15:12:47,704 - INFO - etat du dosimètre envoye : {'id_dosi': '252528', 'batterie': 1, 'hors_service': 1}
2026-06-04 15:12:56,282 - INFO - id BADGE recu : {'id_badge': '734404'}
2026-06-04 15:12:56,344 - INFO - Badge non present dans la bdd
2026-06-04 15:13:01,178 - INFO - id DOSI recu : {'id_dosi': '734404'}
2026-06-04 15:13:01,240 - INFO - Dosimètre non present dans la bdd
2026-06-04 15:14:55,903 - INFO - id DOSI recu : {'id_dosi': '734404'}
2026-06-04 15:14:55,964 - INFO - Dosimètre non present dans la bdd
2026-06-08 06:15:31,008 - INFO - Connecté au broker MQTT !
2026-06-09 06:08:35,965 - INFO - id DOSI recu : {'id_dosi': '220486'}
2026-06-09 06:08:36,038 - INFO - Dosimètre non present dans la bdd
2026-06-09 06:08:41,481 - INFO - id DOSI recu : {'id_dosi': '252528'}
2026-06-09 06:08:41,552 - INFO - etat du dosimètre envoye : {'id_dosi': '252528', 'batterie': 1, 'hors_service': 1}
2026-06-09 06:08:47,529 - INFO - id BADGE recu : {'id_badge': '220486'}
2026-06-09 06:08:47,601 - INFO - etat du badge envoye : {'id_badge': '220486', 'formation': 1, 'visite_medicale': 1}
2026-06-09 06:10:19,712 - INFO - id DOSI recu : {'id_dosi': '252528'}
2026-06-09 06:10:19,764 - INFO - etat du dosimètre envoye : {'id_dosi': '252528', 'batterie': 1, 'hors_service': 1}
2026-06-09 06:10:23,412 - INFO - id BADGE recu : {'id_badge': '220486'}
2026-06-09 06:10:23,469 - INFO - etat du badge envoye : {'id_badge': '220486', 'formation': 1, 'visite_medicale': 1}
2026-06-09 06:10:36,609 - INFO - id DOSI recu : {'id_dosi': '252528'}
2026-06-09 06:10:36,665 - INFO - etat du dosimètre envoye : {'id_dosi': '252528', 'batterie': 1, 'hors_service': 1}
2026-06-09 06:10:40,435 - INFO - id BADGE recu : {'id_badge': '220486'}
2026-06-09 06:10:40,511 - INFO - etat du badge envoye : {'id_badge': '220486', 'formation': 1, 'visite_medicale': 1}
2026-06-09 06:11:56,832 - INFO - id DOSI recu : {'id_dosi': '252528'}
2026-06-09 06:11:56,884 - INFO - etat du dosimètre envoye : {'id_dosi': '252528', 'batterie': 1, 'hors_service': 1}
2026-06-09 06:12:00,523 - INFO - id BADGE recu : {'id_badge': '220486'}
2026-06-09 06:12:00,579 - INFO - etat du badge envoye : {'id_badge': '220486', 'formation': 1, 'visite_medicale': 1}
2026-06-09 06:12:19,518 - INFO - id DOSI recu : {'id_dosi': '252528'}
2026-06-09 06:12:19,575 - INFO - etat du dosimètre envoye : {'id_dosi': '252528', 'batterie': 1, 'hors_service': 1}
2026-06-09 06:12:23,278 - INFO - id BADGE recu : {'id_badge': '220486'}
2026-06-09 06:12:23,334 - INFO - etat du badge envoye : {'id_badge': '220486', 'formation': 1, 'visite_medicale': 1}
2026-06-09 06:16:27,166 - INFO - id DOSI recu : {'id_dosi': '252528'}
2026-06-09 06:16:27,222 - INFO - etat du dosimètre envoye : {'id_dosi': '252528', 'batterie': 1, 'hors_service': 1}
2026-06-09 06:41:35,826 - INFO - id DOSI recu : {'id_dosi': '252528'}
2026-06-09 06:41:35,877 - INFO - etat du dosimètre envoye : {'id_dosi': '252528', 'batterie': 1, 'hors_service': 1}
2026-06-09 06:41:41,621 - INFO - id BADGE recu : {'id_badge': '220486'}
2026-06-09 06:41:41,672 - INFO - etat du badge envoye : {'id_badge': '220486', 'formation': 1, 'visite_medicale': 1}
2026-06-09 06:48:21,226 - INFO - id DOSI recu : {'id_dosi': '252528'}
2026-06-09 06:48:21,308 - INFO - etat du dosimètre envoye : {'id_dosi': '252528', 'batterie': 1, 'hors_service': 1}
2026-06-09 06:48:26,381 - INFO - id DOSI recu : {'id_dosi': '252528'}
2026-06-09 06:48:26,437 - INFO - etat du dosimètre envoye : {'id_dosi': '252528', 'batterie': 1, 'hors_service': 1}
2026-06-09 06:48:30,050 - INFO - id BADGE recu : {'id_badge': '220486'}
2026-06-09 06:48:30,106 - INFO - etat du badge envoye : {'id_badge': '220486', 'formation': 1, 'visite_medicale': 1}
2026-06-09 06:49:49,232 - INFO - id DOSI recu : {'id_dosi': '252528'}
2026-06-09 06:49:49,293 - INFO - etat du dosimètre envoye : {'id_dosi': '252528', 'batterie': 1, 'hors_service': 1}
2026-06-09 06:49:53,084 - INFO - id BADGE recu : {'id_badge': '220486'}
2026-06-09 06:49:53,145 - INFO - etat du badge envoye : {'id_badge': '220486', 'formation': 1, 'visite_medicale': 1}
2026-06-09 07:08:44,676 - INFO - Connecté au broker MQTT !
2026-06-09 07:08:46,745 - INFO - Connecté au broker MQTT !
2026-06-09 07:08:48,826 - INFO - Connecté au broker MQTT !
2026-06-09 07:08:50,902 - INFO - Connecté au broker MQTT !
2026-06-09 07:08:52,982 - INFO - Connecté au broker MQTT !
2026-06-09 07:08:55,067 - INFO - Connecté au broker MQTT !
2026-06-09 07:19:43,889 - INFO - id attestation recu : {'id_attestation': '123455556666777890'}
2026-06-09 07:19:43,941 - INFO - Attestation non presente dans la bdd
2026-06-09 07:19:47,635 - INFO - id DOSI recu : {'id_dosi': '252528'}
2026-06-09 07:19:47,696 - INFO - etat du dosimètre envoye : {'id_dosi': '252528', 'batterie': 1, 'hors_service': 1}
2026-06-09 07:28:17,255 - INFO - Connecté au broker MQTT !
2026-06-09 07:31:12,800 - INFO - id DOSI recu : {'id_dosi': '252528'}
2026-06-09 07:31:12,863 - INFO - etat du dosimètre envoye : {'id_dosi': '252528', 'batterie': 1, 'hors_service': 1}
2026-06-09 07:32:25,225 - INFO - id DOSI recu : {'id_dosi': '252528'}
2026-06-09 07:32:25,287 - INFO - etat du dosimètre envoye : {'id_dosi': '252528', 'batterie': 1, 'hors_service': 1}
2026-06-09 07:40:54,253 - INFO - Connecté au broker MQTT !
2026-06-09 07:41:26,686 - INFO - Connecté au broker MQTT !
2026-06-09 07:45:23,021 - INFO - id attestation recu : {'id_attestation': '78'}
2026-06-09 07:45:23,087 - INFO - Attestation non presente dans la bdd
2026-06-09 07:45:26,870 - INFO - id DOSI recu : {'id_dosi': '252528'}
2026-06-09 07:45:26,935 - INFO - etat du dosimètre envoye : {'id_dosi': '252528', 'batterie': 1, 'hors_service': 1}
2026-06-09 09:00:39,679 - INFO - id DOSI recu : {'id_dosi': '220486'}
2026-06-09 09:00:39,746 - INFO - Dosimètre non present dans la bdd
2026-06-09 09:01:04,473 - INFO - id DOSI recu : {'id_dosi': '220486'}
2026-06-09 09:01:04,529 - INFO - Dosimètre non present dans la bdd
2026-06-09 09:01:10,882 - INFO - id DOSI recu : {'id_dosi': '220486'}
2026-06-09 09:01:10,938 - INFO - Dosimètre non present dans la bdd
2026-06-09 09:01:32,629 - INFO - id DOSI recu : {'id_dosi': '220486'}
2026-06-09 09:01:32,690 - INFO - Dosimètre non present dans la bdd
2026-06-09 09:01:38,566 - INFO - id DOSI recu : {'id_dosi': '220486'}
2026-06-09 09:01:38,617 - INFO - Dosimètre non present dans la bdd
2026-06-09 09:01:57,404 - INFO - id DOSI recu : {'id_dosi': '375776'}
2026-06-09 09:01:57,460 - INFO - Dosimètre non present dans la bdd
2026-06-09 09:03:14,662 - INFO - id DOSI recu : {'id_dosi': '220486'}
2026-06-09 09:03:14,718 - INFO - Dosimètre non present dans la bdd
2026-06-09 09:03:22,354 - INFO - id DOSI recu : {'id_dosi': '220486'}
2026-06-09 09:03:22,405 - INFO - Dosimètre non present dans la bdd
2026-06-09 09:03:28,209 - INFO - id DOSI recu : {'id_dosi': '220486'}
2026-06-09 09:03:28,265 - INFO - Dosimètre non present dans la bdd
2026-06-09 09:04:52,735 - INFO - id DOSI recu : {'id_dosi': '252528'}
2026-06-09 09:04:52,807 - INFO - etat du dosimètre envoye : {'id_dosi': '252528', 'batterie': 1, 'hors_service': 1}
2026-06-09 09:04:57,878 - INFO - id BADGE recu : {'id_badge': '220486'}
2026-06-09 09:04:57,937 - INFO - etat du badge envoye : {'id_badge': '220486', 'formation': 1, 'visite_medicale': 1}
2026-06-09 09:05:09,656 - INFO - id attestation recu : {'id_attestation': '48250310 1'}
2026-06-09 09:05:09,712 - INFO - etat de l'attestation envoye : {'id_attestation': '48250310 1', 'date_valide': 1, 'zone_valide': 1}
2026-06-10 06:19:29,973 - INFO - Connecté au broker MQTT !
2026-06-10 06:37:51,790 - INFO - id DOSI recu : {'id_dosi': '252528'}
2026-06-10 06:37:51,868 - INFO - etat du dosimètre envoye : {'id_dosi': '252528', 'batterie': 1, 'hors_service': 1}
2026-06-10 06:38:30,750 - INFO - id DOSI recu : {'id_dosi': '252528'}
2026-06-10 06:38:30,826 - INFO - etat du dosimètre envoye : {'id_dosi': '252528', 'batterie': 1, 'hors_service': 1}
2026-06-10 06:38:43,662 - INFO - id DOSI recu : {'id_dosi': '252528'}
2026-06-10 06:38:43,729 - INFO - etat du dosimètre envoye : {'id_dosi': '252528', 'batterie': 1, 'hors_service': 1}
2026-06-10 06:38:57,636 - INFO - id DOSI recu : {'id_dosi': '252528'}
2026-06-10 06:38:57,703 - INFO - etat du dosimètre envoye : {'id_dosi': '252528', 'batterie': 1, 'hors_service': 1}
2026-06-10 06:39:05,344 - INFO - id DOSI recu : {'id_dosi': '252528'}
2026-06-10 06:39:05,411 - INFO - etat du dosimètre envoye : {'id_dosi': '252528', 'batterie': 1, 'hors_service': 1}
2026-06-10 06:39:13,407 - INFO - id DOSI recu : {'id_dosi': '252528'}
2026-06-10 06:39:13,474 - INFO - etat du dosimètre envoye : {'id_dosi': '252528', 'batterie': 1, 'hors_service': 1}
2026-06-10 06:39:19,618 - INFO - id DOSI recu : {'id_dosi': '252528'}
2026-06-10 06:39:19,674 - INFO - etat du dosimètre envoye : {'id_dosi': '252528', 'batterie': 1, 'hors_service': 1}
2026-06-10 07:04:10,698 - INFO - id DOSI recu : {'id_dosi': '220486'}
2026-06-10 07:04:10,749 - INFO - Dosimètre non present dans la bdd
2026-06-10 07:04:17,622 - INFO - id DOSI recu : {'id_dosi': '220486'}
2026-06-10 07:04:17,678 - INFO - Dosimètre non present dans la bdd
2026-06-10 07:04:25,355 - INFO - id DOSI recu : {'id_dosi': '220486'}
2026-06-10 07:04:25,416 - INFO - Dosimètre non present dans la bdd
2026-06-10 07:04:42,702 - INFO - id DOSI recu : {'id_dosi': '220486'}
2026-06-10 07:04:42,753 - INFO - Dosimètre non present dans la bdd
2026-06-10 07:04:58,000 - INFO - id DOSI recu : {'id_dosi': '220486'}
2026-06-10 07:04:58,077 - INFO - etat du dosimètre envoye : {'id_dosi': '220486', 'batterie': 1, 'hors_service': 1}
2026-06-10 07:05:11,103 - INFO - id BADGE recu : {'id_badge': '734404'}
2026-06-10 07:05:11,170 - INFO - Badge non present dans la bdd
2026-06-10 07:05:21,717 - INFO - id DOSI recu : {'id_dosi': '220486'}
2026-06-10 07:05:21,789 - INFO - etat du dosimètre envoye : {'id_dosi': '220486', 'batterie': 1, 'hors_service': 1}
2026-06-10 07:05:37,039 - INFO - id DOSI recu : {'id_dosi': '734404'}
2026-06-10 07:05:37,101 - INFO - etat du dosimètre envoye : {'id_dosi': '734404', 'batterie': 1, 'hors_service': 1}
2026-06-10 07:05:49,287 - INFO - id BADGE recu : {'id_badge': '220486'}
2026-06-10 07:05:49,363 - INFO - etat du badge envoye : {'id_badge': '220486', 'formation': 1, 'visite_medicale': 1}
2026-06-10 07:06:06,442 - INFO - id attestation recu : {'id_attestation': '48250310 1'}
2026-06-10 07:06:06,518 - INFO - etat de l'attestation envoye : {'id_attestation': '48250310 1', 'date_valide': 1, 'zone_valide': 1}
2026-06-10 07:38:40,250 - INFO - id DOSI recu : {'id_dosi': '220486'}
2026-06-10 07:38:40,307 - INFO - Dosimètre non present dans la bdd
2026-06-10 07:38:45,371 - INFO - id DOSI recu : {'id_dosi': '220486'}
2026-06-10 07:38:45,422 - INFO - Dosimètre non present dans la bdd
2026-06-10 07:39:14,796 - INFO - id DOSI recu : {'id_dosi': '220486'}
2026-06-10 07:39:14,852 - INFO - Dosimètre non present dans la bdd
2026-06-10 07:41:12,160 - INFO - Connecté au broker MQTT !
2026-06-10 07:41:29,796 - INFO - id DOSI recu : {'id_dosi': '220486'}
2026-06-10 07:41:29,864 - INFO - Dosimètre non present dans la bdd
2026-06-10 07:41:33,707 - INFO - id DOSI recu : {'id_dosi': '220486'}
2026-06-10 07:41:33,764 - INFO - Dosimètre non present dans la bdd
2026-06-10 07:41:37,592 - INFO - id DOSI recu : {'id_dosi': '220486'}
2026-06-10 07:41:37,643 - INFO - Dosimètre non present dans la bdd
2026-06-10 07:41:41,657 - INFO - id DOSI recu : {'id_dosi': '220486'}
2026-06-10 07:41:41,708 - INFO - Dosimètre non present dans la bdd
2026-06-10 07:41:45,695 - INFO - id DOSI recu : {'id_dosi': '220486'}
2026-06-10 07:41:45,761 - INFO - Dosimètre non present dans la bdd
2026-06-10 07:41:51,726 - INFO - id DOSI recu : {'id_dosi': '220486'}
2026-06-10 07:41:51,782 - INFO - Dosimètre non present dans la bdd
2026-06-10 07:41:59,860 - INFO - id DOSI recu : {'id_dosi': '220486'}
2026-06-10 07:41:59,916 - INFO - Dosimètre non present dans la bdd
2026-06-10 07:42:05,303 - INFO - id DOSI recu : {'id_dosi': '734404'}
2026-06-10 07:42:05,364 - INFO - etat du dosimètre envoye : {'id_dosi': '734404', 'batterie': 1, 'hors_service': 1}
2026-06-10 07:42:10,431 - INFO - id BADGE recu : {'id_badge': '220486'}
2026-06-10 07:42:10,503 - INFO - etat du badge envoye : {'id_badge': '220486', 'formation': 1, 'visite_medicale': 1}
2026-06-10 07:42:38,841 - INFO - id attestation recu : {'id_attestation': '48250310 1'}
2026-06-10 07:42:38,892 - INFO - etat de l'attestation envoye : {'id_attestation': '48250310 1', 'date_valide': 1, 'zone_valide': 1}
2026-06-10 07:43:40,673 - INFO - id DOSI recu : {'id_dosi': '734404'}
2026-06-10 07:43:40,724 - INFO - etat du dosimètre envoye : {'id_dosi': '734404', 'batterie': 1, 'hors_service': 1}
2026-06-10 07:50:25,682 - INFO - id DOSI recu : {'id_dosi': '734404'}
2026-06-10 07:50:25,744 - INFO - etat du dosimètre envoye : {'id_dosi': '734404', 'batterie': 1, 'hors_service': 1}
2026-06-10 07:54:25,855 - INFO - id DOSI recu : {'id_dosi': '220486'}
2026-06-10 07:54:25,921 - INFO - Dosimètre non present dans la bdd
2026-06-10 08:19:14,845 - INFO - id DOSI recu : {'id_dosi': '734404'}
2026-06-10 08:19:14,907 - INFO - etat du dosimètre envoye : {'id_dosi': '734404', 'batterie': 1, 'hors_service': 1}
2026-06-10 08:19:37,652 - INFO - id DOSI recu : {'id_dosi': '734404'}
2026-06-10 08:19:37,728 - INFO - etat du dosimètre envoye : {'id_dosi': '734404', 'batterie': 1, 'hors_service': 1}
2026-06-10 08:19:45,052 - INFO - id DOSI recu : {'id_dosi': '734404'}
2026-06-10 08:19:45,118 - INFO - etat du dosimètre envoye : {'id_dosi': '734404', 'batterie': 1, 'hors_service': 1}
2026-06-10 08:19:54,976 - INFO - id DOSI recu : {'id_dosi': '734404'}
2026-06-10 08:19:55,047 - INFO - etat du dosimètre envoye : {'id_dosi': '734404', 'batterie': 1, 'hors_service': 1}
2026-06-10 08:25:47,482 - INFO - id DOSI recu : {'id_dosi': '734404'}
2026-06-10 08:25:47,528 - INFO - etat du dosimètre envoye : {'id_dosi': '734404', 'batterie': 1, 'hors_service': 1}
2026-06-10 08:25:55,717 - INFO - id DOSI recu : {'id_dosi': '734404'}
2026-06-10 08:25:55,769 - INFO - etat du dosimètre envoye : {'id_dosi': '734404', 'batterie': 1, 'hors_service': 1}
2026-06-10 08:26:07,529 - INFO - id DOSI recu : {'id_dosi': '734404'}
2026-06-10 08:26:07,601 - INFO - etat du dosimètre envoye : {'id_dosi': '734404', 'batterie': 1, 'hors_service': 1}
2026-06-10 08:26:15,328 - INFO - id DOSI recu : {'id_dosi': '734404'}
2026-06-10 08:26:15,409 - INFO - etat du dosimètre envoye : {'id_dosi': '734404', 'batterie': 1, 'hors_service': 1}
2026-06-10 08:26:23,118 - INFO - id DOSI recu : {'id_dosi': '734404'}
2026-06-10 08:26:23,174 - INFO - etat du dosimètre envoye : {'id_dosi': '734404', 'batterie': 1, 'hors_service': 1}
2026-06-10 08:26:37,517 - INFO - id DOSI recu : {'id_dosi': '734404'}
2026-06-10 08:26:37,594 - INFO - etat du dosimètre envoye : {'id_dosi': '734404', 'batterie': 1, 'hors_service': 1}
2026-06-10 08:26:46,735 - INFO - id DOSI recu : {'id_dosi': '734404'}
2026-06-10 08:26:46,797 - INFO - etat du dosimètre envoye : {'id_dosi': '734404', 'batterie': 1, 'hors_service': 1}
2026-06-10 08:26:55,478 - INFO - id DOSI recu : {'id_dosi': '734404'}
2026-06-10 08:26:55,544 - INFO - etat du dosimètre envoye : {'id_dosi': '734404', 'batterie': 1, 'hors_service': 1}
2026-06-10 08:27:04,888 - INFO - id DOSI recu : {'id_dosi': '734404'}
2026-06-10 08:27:04,960 - INFO - etat du dosimètre envoye : {'id_dosi': '734404', 'batterie': 1, 'hors_service': 1}
2026-06-10 08:27:16,122 - INFO - id DOSI recu : {'id_dosi': '734404'}
2026-06-10 08:27:16,179 - INFO - etat du dosimètre envoye : {'id_dosi': '734404', 'batterie': 1, 'hors_service': 1}
2026-06-10 08:27:27,829 - INFO - id DOSI recu : {'id_dosi': '734404'}
2026-06-10 08:27:27,896 - INFO - etat du dosimètre envoye : {'id_dosi': '734404', 'batterie': 1, 'hors_service': 1}
2026-06-10 08:27:34,989 - INFO - id DOSI recu : {'id_dosi': '734404'}
2026-06-10 08:27:35,040 - INFO - etat du dosimètre envoye : {'id_dosi': '734404', 'batterie': 1, 'hors_service': 1}
2026-06-10 08:27:59,063 - INFO - id DOSI recu : {'id_dosi': '734404'}
2026-06-10 08:27:59,140 - INFO - etat du dosimètre envoye : {'id_dosi': '734404', 'batterie': 1, 'hors_service': 1}
2026-06-10 08:28:36,290 - INFO - id DOSI recu : {'id_dosi': '734404'}
2026-06-10 08:28:36,341 - INFO - etat du dosimètre envoye : {'id_dosi': '734404', 'batterie': 1, 'hors_service': 1}
2026-06-10 08:28:44,989 - INFO - id DOSI recu : {'id_dosi': '734404'}
2026-06-10 08:28:45,050 - INFO - etat du dosimètre envoye : {'id_dosi': '734404', 'batterie': 1, 'hors_service': 1}
2026-06-10 08:28:52,651 - INFO - id DOSI recu : {'id_dosi': '734404'}
2026-06-10 08:28:52,718 - INFO - etat du dosimètre envoye : {'id_dosi': '734404', 'batterie': 1, 'hors_service': 1}
2026-06-10 08:29:00,114 - INFO - id DOSI recu : {'id_dosi': '734404'}
2026-06-10 08:29:00,191 - INFO - etat du dosimètre envoye : {'id_dosi': '734404', 'batterie': 1, 'hors_service': 1}
2026-06-10 08:29:08,799 - INFO - id DOSI recu : {'id_dosi': '734404'}
2026-06-10 08:29:08,850 - INFO - etat du dosimètre envoye : {'id_dosi': '734404', 'batterie': 1, 'hors_service': 1}
2026-06-10 08:29:23,119 - INFO - id DOSI recu : {'id_dosi': '734404'}
2026-06-10 08:29:23,186 - INFO - etat du dosimètre envoye : {'id_dosi': '734404', 'batterie': 1, 'hors_service': 1}
2026-06-10 08:29:26,827 - INFO - id BADGE recu : {'id_badge': '220486'}
2026-06-10 08:29:26,903 - INFO - etat du badge envoye : {'id_badge': '220486', 'formation': 1, 'visite_medicale': 1}
2026-06-10 08:29:37,020 - INFO - id attestation recu : {'id_attestation': '48250310 1'}
2026-06-10 08:29:37,081 - INFO - etat de l'attestation envoye : {'id_attestation': '48250310 1', 'date_valide': 1, 'zone_valide': 1}
2026-06-10 08:30:14,053 - INFO - id DOSI recu : {'id_dosi': '734404'}
2026-06-10 08:30:14,134 - INFO - etat du dosimètre envoye : {'id_dosi': '734404', 'batterie': 1, 'hors_service': 1}
2026-06-10 08:30:22,525 - INFO - id DOSI recu : {'id_dosi': '734404'}
2026-06-10 08:30:22,587 - INFO - etat du dosimètre envoye : {'id_dosi': '734404', 'batterie': 1, 'hors_service': 1}
2026-06-10 08:30:30,868 - INFO - id DOSI recu : {'id_dosi': '734404'}
2026-06-10 08:30:30,945 - INFO - etat du dosimètre envoye : {'id_dosi': '734404', 'batterie': 1, 'hors_service': 1}
2026-06-10 08:30:39,978 - INFO - id DOSI recu : {'id_dosi': '734404'}
2026-06-10 08:30:40,064 - INFO - etat du dosimètre envoye : {'id_dosi': '734404', 'batterie': 1, 'hors_service': 1}
2026-06-10 08:30:55,468 - INFO - id DOSI recu : {'id_dosi': '734404'}
2026-06-10 08:30:55,524 - INFO - etat du dosimètre envoye : {'id_dosi': '734404', 'batterie': 1, 'hors_service': 1}
2026-06-10 08:31:06,033 - INFO - id DOSI recu : {'id_dosi': '734404'}
2026-06-10 08:31:06,094 - INFO - etat du dosimètre envoye : {'id_dosi': '734404', 'batterie': 1, 'hors_service': 1}
2026-06-10 08:31:14,392 - INFO - id DOSI recu : {'id_dosi': '734404'}
2026-06-10 08:31:14,458 - INFO - etat du dosimètre envoye : {'id_dosi': '734404', 'batterie': 1, 'hors_service': 1}
2026-06-10 08:31:22,313 - INFO - id DOSI recu : {'id_dosi': '734404'}
2026-06-10 08:31:22,380 - INFO - etat du dosimètre envoye : {'id_dosi': '734404', 'batterie': 1, 'hors_service': 1}
2026-06-10 08:31:31,499 - INFO - id DOSI recu : {'id_dosi': '734404'}
2026-06-10 08:31:31,566 - INFO - etat du dosimètre envoye : {'id_dosi': '734404', 'batterie': 1, 'hors_service': 1}
2026-06-10 08:31:40,645 - INFO - id DOSI recu : {'id_dosi': '734404'}
2026-06-10 08:31:40,701 - INFO - etat du dosimètre envoye : {'id_dosi': '734404', 'batterie': 1, 'hors_service': 1}
2026-06-10 08:31:48,150 - INFO - id DOSI recu : {'id_dosi': '734404'}
2026-06-10 08:31:48,211 - INFO - etat du dosimètre envoye : {'id_dosi': '734404', 'batterie': 1, 'hors_service': 1}
2026-06-10 08:31:58,595 - INFO - id DOSI recu : {'id_dosi': '734404'}
2026-06-10 08:31:58,646 - INFO - etat du dosimètre envoye : {'id_dosi': '734404', 'batterie': 1, 'hors_service': 1}
2026-06-10 08:32:11,404 - INFO - id DOSI recu : {'id_dosi': '734404'}
2026-06-10 08:32:11,460 - INFO - etat du dosimètre envoye : {'id_dosi': '734404', 'batterie': 1, 'hors_service': 1}
2026-06-10 08:32:19,589 - INFO - id DOSI recu : {'id_dosi': '734404'}
2026-06-10 08:32:19,650 - INFO - etat du dosimètre envoye : {'id_dosi': '734404', 'batterie': 1, 'hors_service': 1}
2026-06-10 08:32:27,453 - INFO - id DOSI recu : {'id_dosi': '734404'}
2026-06-10 08:32:27,525 - INFO - etat du dosimètre envoye : {'id_dosi': '734404', 'batterie': 1, 'hors_service': 1}
2026-06-10 08:32:34,754 - INFO - id DOSI recu : {'id_dosi': '734404'}
2026-06-10 08:32:34,805 - INFO - etat du dosimètre envoye : {'id_dosi': '734404', 'batterie': 1, 'hors_service': 1}
2026-06-10 08:32:45,743 - INFO - id DOSI recu : {'id_dosi': '734404'}
2026-06-10 08:32:45,804 - INFO - etat du dosimètre envoye : {'id_dosi': '734404', 'batterie': 1, 'hors_service': 1}
2026-06-10 08:33:08,473 - INFO - id DOSI recu : {'id_dosi': '734404'}
2026-06-10 08:33:08,534 - INFO - etat du dosimètre envoye : {'id_dosi': '734404', 'batterie': 1, 'hors_service': 1}
2026-06-10 08:33:23,183 - INFO - id DOSI recu : {'id_dosi': '734404'}
2026-06-10 08:33:23,239 - INFO - etat du dosimètre envoye : {'id_dosi': '734404', 'batterie': 1, 'hors_service': 1}
2026-06-10 08:33:35,152 - INFO - id DOSI recu : {'id_dosi': '734404'}
2026-06-10 08:33:35,219 - INFO - etat du dosimètre envoye : {'id_dosi': '734404', 'batterie': 1, 'hors_service': 1}
2026-06-10 08:33:52,455 - INFO - id DOSI recu : {'id_dosi': '734404'}
2026-06-10 08:33:52,527 - INFO - etat du dosimètre envoye : {'id_dosi': '734404', 'batterie': 1, 'hors_service': 1}
2026-06-10 08:34:07,679 - INFO - id DOSI recu : {'id_dosi': '734404'}
2026-06-10 08:34:07,740 - INFO - etat du dosimètre envoye : {'id_dosi': '734404', 'batterie': 1, 'hors_service': 1}
2026-06-10 08:34:16,003 - INFO - id DOSI recu : {'id_dosi': '734404'}
2026-06-10 08:34:16,054 - INFO - etat du dosimètre envoye : {'id_dosi': '734404', 'batterie': 1, 'hors_service': 1}
2026-06-10 08:34:31,334 - INFO - id DOSI recu : {'id_dosi': '734404'}
2026-06-10 08:34:31,390 - INFO - etat du dosimètre envoye : {'id_dosi': '734404', 'batterie': 1, 'hors_service': 1}
2026-06-10 08:34:44,282 - INFO - id DOSI recu : {'id_dosi': '734404'}
2026-06-10 08:34:44,344 - INFO - etat du dosimètre envoye : {'id_dosi': '734404', 'batterie': 1, 'hors_service': 1}
2026-06-10 08:34:52,465 - INFO - id DOSI recu : {'id_dosi': '734404'}
2026-06-10 08:34:52,526 - INFO - etat du dosimètre envoye : {'id_dosi': '734404', 'batterie': 1, 'hors_service': 1}
2026-06-10 08:35:01,091 - INFO - id DOSI recu : {'id_dosi': '734404'}
2026-06-10 08:35:01,148 - INFO - etat du dosimètre envoye : {'id_dosi': '734404', 'batterie': 1, 'hors_service': 1}
2026-06-10 08:35:11,006 - INFO - id DOSI recu : {'id_dosi': '734404'}
2026-06-10 08:35:11,057 - INFO - etat du dosimètre envoye : {'id_dosi': '734404', 'batterie': 1, 'hors_service': 1}
2026-06-10 08:35:18,564 - INFO - id DOSI recu : {'id_dosi': '734404'}
2026-06-10 08:35:18,625 - INFO - etat du dosimètre envoye : {'id_dosi': '734404', 'batterie': 1, 'hors_service': 1}
2026-06-10 08:35:26,542 - INFO - id DOSI recu : {'id_dosi': '734404'}
2026-06-10 08:35:26,609 - INFO - etat du dosimètre envoye : {'id_dosi': '734404', 'batterie': 1, 'hors_service': 1}
2026-06-10 08:35:34,223 - INFO - id DOSI recu : {'id_dosi': '734404'}
2026-06-10 08:35:34,294 - INFO - etat du dosimètre envoye : {'id_dosi': '734404', 'batterie': 1, 'hors_service': 1}
2026-06-10 08:35:47,033 - INFO - id DOSI recu : {'id_dosi': '734404'}
2026-06-10 08:35:47,105 - INFO - etat du dosimètre envoye : {'id_dosi': '734404', 'batterie': 1, 'hors_service': 1}
2026-06-10 08:35:56,457 - INFO - id DOSI recu : {'id_dosi': '734404'}
2026-06-10 08:35:56,534 - INFO - etat du dosimètre envoye : {'id_dosi': '734404', 'batterie': 1, 'hors_service': 1}
2026-06-10 08:36:03,697 - INFO - id DOSI recu : {'id_dosi': '734404'}
2026-06-10 08:36:03,769 - INFO - etat du dosimètre envoye : {'id_dosi': '734404', 'batterie': 1, 'hors_service': 1}
2026-06-10 08:36:21,046 - INFO - id DOSI recu : {'id_dosi': '734404'}
2026-06-10 08:36:21,102 - INFO - etat du dosimètre envoye : {'id_dosi': '734404', 'batterie': 1, 'hors_service': 1}
2026-06-10 08:36:31,568 - INFO - id DOSI recu : {'id_dosi': '734404'}
2026-06-10 08:36:31,634 - INFO - etat du dosimètre envoye : {'id_dosi': '734404', 'batterie': 1, 'hors_service': 1}
2026-06-10 08:36:38,808 - INFO - id DOSI recu : {'id_dosi': '734404'}
2026-06-10 08:36:38,890 - INFO - etat du dosimètre envoye : {'id_dosi': '734404', 'batterie': 1, 'hors_service': 1}
2026-06-10 08:36:48,554 - INFO - id DOSI recu : {'id_dosi': '734404'}
2026-06-10 08:36:48,605 - INFO - etat du dosimètre envoye : {'id_dosi': '734404', 'batterie': 1, 'hors_service': 1}
2026-06-10 08:36:58,377 - INFO - id DOSI recu : {'id_dosi': '734404'}
2026-06-10 08:36:58,428 - INFO - etat du dosimètre envoye : {'id_dosi': '734404', 'batterie': 1, 'hors_service': 1}
2026-06-10 08:37:08,148 - INFO - id DOSI recu : {'id_dosi': '734404'}
2026-06-10 08:37:08,214 - INFO - etat du dosimètre envoye : {'id_dosi': '734404', 'batterie': 1, 'hors_service': 1}
2026-06-10 08:37:18,049 - INFO - id DOSI recu : {'id_dosi': '734404'}
2026-06-10 08:37:18,125 - INFO - etat du dosimètre envoye : {'id_dosi': '734404', 'batterie': 1, 'hors_service': 1}
2026-06-10 08:37:25,495 - INFO - id DOSI recu : {'id_dosi': '734404'}
2026-06-10 08:37:25,551 - INFO - etat du dosimètre envoye : {'id_dosi': '734404', 'batterie': 1, 'hors_service': 1}
2026-06-10 08:37:33,001 - INFO - id DOSI recu : {'id_dosi': '734404'}
2026-06-10 08:37:33,073 - INFO - etat du dosimètre envoye : {'id_dosi': '734404', 'batterie': 1, 'hors_service': 1}
2026-06-10 08:37:40,500 - INFO - id DOSI recu : {'id_dosi': '734404'}
2026-06-10 08:37:40,566 - INFO - etat du dosimètre envoye : {'id_dosi': '734404', 'batterie': 1, 'hors_service': 1}
2026-06-10 08:37:51,342 - INFO - id DOSI recu : {'id_dosi': '734404'}
2026-06-10 08:37:51,403 - INFO - etat du dosimètre envoye : {'id_dosi': '734404', 'batterie': 1, 'hors_service': 1}
2026-06-10 08:38:15,973 - INFO - id BADGE recu : {'id_badge': '220486'}
2026-06-10 08:38:16,025 - INFO - etat du badge envoye : {'id_badge': '220486', 'formation': 1, 'visite_medicale': 1}
2026-06-10 08:39:16,913 - INFO - id DOSI recu : {'id_dosi': '734404'}
2026-06-10 08:39:16,980 - INFO - etat du dosimètre envoye : {'id_dosi': '734404', 'batterie': 1, 'hors_service': 1}
2026-06-10 08:39:24,640 - INFO - id DOSI recu : {'id_dosi': '734404'}
2026-06-10 08:39:24,707 - INFO - etat du dosimètre envoye : {'id_dosi': '734404', 'batterie': 1, 'hors_service': 1}
2026-06-10 08:40:06,568 - INFO - id DOSI recu : {'id_dosi': '734404'}
2026-06-10 08:40:06,645 - INFO - etat du dosimètre envoye : {'id_dosi': '734404', 'batterie': 1, 'hors_service': 1}
2026-06-10 08:40:22,252 - INFO - id DOSI recu : {'id_dosi': '734404'}
2026-06-10 08:40:22,313 - INFO - etat du dosimètre envoye : {'id_dosi': '734404', 'batterie': 1, 'hors_service': 1}
2026-06-10 08:40:37,038 - INFO - id BADGE recu : {'id_badge': '220486'}
2026-06-10 08:40:37,105 - INFO - etat du badge envoye : {'id_badge': '220486', 'formation': 1, 'visite_medicale': 1}
2026-06-10 08:41:07,218 - INFO - id attestation recu : {'id_attestation': '48250310 1'}
2026-06-10 08:41:07,289 - INFO - etat de l'attestation envoye : {'id_attestation': '48250310 1', 'date_valide': 1, 'zone_valide': 1}
2026-06-10 08:42:33,942 - INFO - id DOSI recu : {'id_dosi': '734404'}
2026-06-10 08:42:34,013 - INFO - etat du dosimètre envoye : {'id_dosi': '734404', 'batterie': 1, 'hors_service': 1}
2026-06-10 08:42:43,393 - INFO - id DOSI recu : {'id_dosi': '734404'}
2026-06-10 08:42:43,465 - INFO - etat du dosimètre envoye : {'id_dosi': '734404', 'batterie': 1, 'hors_service': 1}
2026-06-10 08:45:30,157 - INFO - id DOSI recu : {'id_dosi': '220486'}
2026-06-10 08:45:30,218 - INFO - Dosimètre non present dans la bdd
2026-06-10 09:18:01,036 - INFO - id DOSI recu : {'id_dosi': '734404'}
2026-06-10 09:18:01,088 - INFO - etat du dosimètre envoye : {'id_dosi': '734404', 'batterie': 1, 'hors_service': 1}
2026-06-10 09:18:11,950 - INFO - id DOSI recu : {'id_dosi': '734404'}
2026-06-10 09:18:12,006 - INFO - etat du dosimètre envoye : {'id_dosi': '734404', 'batterie': 1, 'hors_service': 1}
2026-06-10 09:18:30,927 - INFO - id BADGE recu : {'id_badge': '495480'}
2026-06-10 09:18:30,983 - INFO - Badge non present dans la bdd
2026-06-10 09:18:50,007 - INFO - id DOSI recu : {'id_dosi': '734404'}
2026-06-10 09:18:50,073 - INFO - etat du dosimètre envoye : {'id_dosi': '734404', 'batterie': 1, 'hors_service': 1}
2026-06-10 09:19:00,840 - INFO - id DOSI recu : {'id_dosi': '734404'}
2026-06-10 09:19:00,922 - INFO - etat du dosimètre envoye : {'id_dosi': '734404', 'batterie': 1, 'hors_service': 1}
2026-06-10 09:19:10,497 - INFO - id DOSI recu : {'id_dosi': '734404'}
2026-06-10 09:19:10,563 - INFO - etat du dosimètre envoye : {'id_dosi': '734404', 'batterie': 1, 'hors_service': 1}
2026-06-10 09:19:17,888 - INFO - id DOSI recu : {'id_dosi': '734404'}
2026-06-10 09:19:17,954 - INFO - etat du dosimètre envoye : {'id_dosi': '734404', 'batterie': 1, 'hors_service': 1}
2026-06-10 09:19:25,835 - INFO - id BADGE recu : {'id_badge': '213735'}
2026-06-10 09:19:25,886 - INFO - Badge non present dans la bdd
2026-06-10 09:19:39,596 - INFO - id DOSI recu : {'id_dosi': '213735'}
2026-06-10 09:19:39,662 - INFO - Dosimètre non present dans la bdd
2026-06-10 09:19:51,626 - INFO - id DOSI recu : {'id_dosi': '305681'}
2026-06-10 09:19:51,677 - INFO - Dosimètre non present dans la bdd
2026-06-10 09:20:08,489 - INFO - id DOSI recu : {'id_dosi': '734404'}
2026-06-10 09:20:08,555 - INFO - etat du dosimètre envoye : {'id_dosi': '734404', 'batterie': 1, 'hors_service': 1}
2026-06-10 09:20:20,997 - INFO - id DOSI recu : {'id_dosi': '104732'}
2026-06-10 09:20:21,058 - INFO - Dosimètre non present dans la bdd
2026-06-10 09:20:33,621 - INFO - id DOSI recu : {'id_dosi': '938014'}
2026-06-10 09:20:33,672 - INFO - Dosimètre non present dans la bdd
2026-06-10 09:21:00,465 - INFO - id DOSI recu : {'id_dosi': '743179'}
2026-06-10 09:21:00,521 - INFO - Dosimètre non present dans la bdd
2026-06-10 09:21:06,963 - INFO - id DOSI recu : {'id_dosi': '743179'}
2026-06-10 09:21:07,024 - INFO - Dosimètre non present dans la bdd
2026-06-10 09:22:47,859 - INFO - id DOSI recu : {'id_dosi': '220486'}
2026-06-10 09:22:47,920 - INFO - Dosimètre non present dans la bdd
2026-06-10 09:23:04,185 - INFO - id DOSI recu : {'id_dosi': '734404'}
2026-06-10 09:23:04,246 - INFO - etat du dosimètre envoye : {'id_dosi': '734404', 'batterie': 1, 'hors_service': 1}
2026-06-10 09:23:07,924 - INFO - id BADGE recu : {'id_badge': '220486'}
2026-06-10 09:23:07,986 - INFO - etat du badge envoye : {'id_badge': '220486', 'formation': 1, 'visite_medicale': 1}
2026-06-10 09:23:28,888 - INFO - id DOSI recu : {'id_dosi': '734404'}
2026-06-10 09:23:28,949 - INFO - etat du dosimètre envoye : {'id_dosi': '734404', 'batterie': 1, 'hors_service': 1}
2026-06-10 09:23:54,319 - INFO - id BADGE recu : {'id_badge': '220486'}
2026-06-10 09:23:54,395 - INFO - etat du badge envoye : {'id_badge': '220486', 'formation': 1, 'visite_medicale': 1}
2026-06-10 09:24:23,144 - INFO - id attestation recu : {'id_attestation': '123659874'}
2026-06-10 09:24:23,205 - INFO - Attestation non presente dans la bdd
2026-06-10 09:26:01,971 - INFO - id DOSI recu : {'id_dosi': '734404'}
2026-06-10 09:26:02,043 - INFO - etat du dosimètre envoye : {'id_dosi': '734404', 'batterie': 1, 'hors_service': 1}
2026-06-10 09:26:15,795 - INFO - id BADGE recu : {'id_badge': '220486'}
2026-06-10 09:26:15,862 - INFO - etat du badge envoye : {'id_badge': '220486', 'formation': 1, 'visite_medicale': 1}
2026-06-10 09:26:51,490 - INFO - id attestation recu : {'id_attestation': '5555'}
2026-06-10 09:26:51,546 - INFO - Attestation non presente dans la bdd
2026-06-10 09:27:05,713 - INFO - id DOSI recu : {'id_dosi': '734404'}
2026-06-10 09:27:05,790 - INFO - etat du dosimètre envoye : {'id_dosi': '734404', 'batterie': 1, 'hors_service': 1}
2026-06-10 09:27:10,993 - INFO - id BADGE recu : {'id_badge': '426392'}
2026-06-10 09:27:11,049 - INFO - Badge non present dans la bdd
2026-06-10 09:27:32,810 - INFO - id DOSI recu : {'id_dosi': '734404'}
2026-06-10 09:27:32,892 - INFO - etat du dosimètre envoye : {'id_dosi': '734404', 'batterie': 1, 'hors_service': 1}
2026-06-10 09:27:41,142 - INFO - id DOSI recu : {'id_dosi': '734404'}
2026-06-10 09:27:41,209 - INFO - etat du dosimètre envoye : {'id_dosi': '734404', 'batterie': 1, 'hors_service': 1}
2026-06-10 09:27:58,543 - INFO - id DOSI recu : {'id_dosi': '743179'}
2026-06-10 09:27:58,594 - INFO - Dosimètre non present dans la bdd
2026-06-10 09:28:54,833 - INFO - id DOSI recu : {'id_dosi': '734404'}
2026-06-10 09:28:54,904 - INFO - etat du dosimètre envoye : {'id_dosi': '734404', 'batterie': 1, 'hors_service': 1}
2026-06-10 09:37:00,690 - INFO - Connecté au broker MQTT !
2026-06-10 09:37:53,202 - INFO - id DOSI recu : {'id_dosi': '426392'}
2026-06-10 09:37:53,255 - INFO - Dosimètre non present dans la bdd
2026-06-10 09:39:15,195 - INFO - Connecté au broker MQTT !
2026-06-10 09:39:29,405 - INFO - id DOSI recu : {'id_dosi': '426392'}
2026-06-10 09:39:29,462 - INFO - Dosimètre non present dans la bdd
2026-06-10 09:41:25,497 - INFO - Connecté au broker MQTT !
2026-06-10 09:42:35,189 - INFO - id DOSI recu : {'id_dosi': '426392'}
2026-06-10 09:42:35,242 - INFO - Dosimètre non present dans la bdd
2026-06-10 09:42:40,528 - INFO - id DOSI recu : {'id_dosi': '734404'}
2026-06-10 09:42:40,584 - INFO - etat du dosimètre envoye : {'id_dosi': '734404', 'batterie': 1, 'hors_service': 1}
2026-06-10 09:42:44,643 - INFO - id BADGE recu : {'id_badge': '426392'}
2026-06-10 09:42:44,704 - INFO - Badge non present dans la bdd
2026-06-10 09:43:02,978 - INFO - id DOSI recu : {'id_dosi': '734404'}
2026-06-10 09:43:03,049 - INFO - etat du dosimètre envoye : {'id_dosi': '734404', 'batterie': 1, 'hors_service': 1}
2026-06-10 09:43:06,633 - INFO - id BADGE recu : {'id_badge': '220486'}
2026-06-10 09:43:06,710 - INFO - etat du badge envoye : {'id_badge': '220486', 'formation': 1, 'visite_medicale': 1}
2026-06-10 09:43:15,895 - INFO - id attestation recu : {'id_attestation': 'X002DCN2RJ\rX002DCN2RJ'}
2026-06-10 09:43:15,946 - INFO - Attestation non presente dans la bdd
2026-06-10 09:43:27,376 - INFO - id DOSI recu : {'id_dosi': '426392'}
2026-06-10 09:43:27,432 - INFO - Dosimètre non present dans la bdd
2026-06-10 09:45:35,594 - INFO - id DOSI recu : {'id_dosi': '426392'}
2026-06-10 09:45:35,650 - INFO - Dosimètre non present dans la bdd
2026-06-10 09:46:20,338 - INFO - id DOSI recu : {'id_dosi': '305681'}
2026-06-10 09:46:20,405 - INFO - Dosimètre non present dans la bdd
2026-06-10 11:12:23,278 - INFO - id DOSI recu : {'id_dosi': '213735'}
2026-06-10 11:12:23,334 - INFO - Dosimètre non present dans la bdd
2026-06-10 11:12:33,890 - INFO - id DOSI recu : {'id_dosi': '213735'}
2026-06-10 11:12:33,946 - INFO - Dosimètre non present dans la bdd
2026-06-10 11:13:19,717 - INFO - id DOSI recu : {'id_dosi': '305681'}
2026-06-10 11:13:19,768 - INFO - Dosimètre non present dans la bdd
2026-06-10 11:14:12,857 - INFO - id DOSI recu : {'id_dosi': '734404'}
2026-06-10 11:14:12,944 - INFO - etat du dosimètre envoye : {'id_dosi': '734404', 'batterie': 1, 'hors_service': 1}
2026-06-10 11:15:55,996 - INFO - id DOSI recu : {'id_dosi': '734404'}
2026-06-10 11:15:56,073 - INFO - etat du dosimètre envoye : {'id_dosi': '734404', 'batterie': 1, 'hors_service': 1}
2026-06-10 11:16:27,761 - INFO - id DOSI recu : {'id_dosi': '734404'}
2026-06-10 11:16:27,817 - INFO - etat du dosimètre envoye : {'id_dosi': '734404', 'batterie': 1, 'hors_service': 1}
2026-06-10 11:16:35,597 - INFO - id DOSI recu : {'id_dosi': '734404'}
2026-06-10 11:16:35,658 - INFO - etat du dosimètre envoye : {'id_dosi': '734404', 'batterie': 1, 'hors_service': 1}
2026-06-10 11:18:06,388 - INFO - id DOSI recu : {'id_dosi': '734404'}
2026-06-10 11:18:06,459 - INFO - etat du dosimètre envoye : {'id_dosi': '734404', 'batterie': 1, 'hors_service': 1}
2026-06-10 11:18:37,257 - INFO - id DOSI recu : {'id_dosi': '734404'}
2026-06-10 11:18:37,339 - INFO - etat du dosimètre envoye : {'id_dosi': '734404', 'batterie': 1, 'hors_service': 1}
2026-06-10 11:18:58,511 - INFO - id DOSI recu : {'id_dosi': '734404'}
2026-06-10 11:18:58,578 - INFO - etat du dosimètre envoye : {'id_dosi': '734404', 'batterie': 1, 'hors_service': 1}
2026-06-10 11:19:35,232 - INFO - id DOSI recu : {'id_dosi': '734404'}
2026-06-10 11:19:35,283 - INFO - etat du dosimètre envoye : {'id_dosi': '734404', 'batterie': 1, 'hors_service': 1}
2026-06-10 11:43:48,775 - INFO - id DOSI recu : {'id_dosi': '734404'}
2026-06-10 11:43:48,852 - INFO - etat du dosimètre envoye : {'id_dosi': '734404', 'batterie': 1, 'hors_service': 1}
2026-06-10 11:43:52,919 - INFO - id BADGE recu : {'id_badge': '213735'}
2026-06-10 11:43:52,985 - INFO - Badge non present dans la bdd
2026-06-10 11:49:43,745 - INFO - Connecté au broker MQTT !
2026-06-10 11:55:54,264 - INFO - id DOSI recu : {'id_dosi': '104732'}
2026-06-10 11:55:54,333 - INFO - etat du dosimètre envoye : {'id_dosi': '104732', 'batterie': 0, 'hors_service': 0}
2026-06-10 11:55:59,243 - INFO - id DOSI recu : {'id_dosi': '104732'}
2026-06-10 11:55:59,300 - INFO - etat du dosimètre envoye : {'id_dosi': '104732', 'batterie': 0, 'hors_service': 0}
2026-06-10 11:56:04,267 - INFO - id DOSI recu : {'id_dosi': '734404'}
2026-06-10 11:56:04,333 - INFO - etat du dosimètre envoye : {'id_dosi': '734404', 'batterie': 1, 'hors_service': 1}
2026-06-10 11:56:14,849 - INFO - id BADGE recu : {'id_badge': '213735'}
2026-06-10 11:56:14,901 - INFO - etat du badge envoye : {'id_badge': '213735', 'formation': 1, 'visite_medicale': 1}
2026-06-10 12:01:45,299 - INFO - id DOSI recu : {'id_dosi': '734404'}
2026-06-10 12:01:45,361 - INFO - etat du dosimètre envoye : {'id_dosi': '734404', 'batterie': 1, 'hors_service': 1}
2026-06-10 12:01:52,372 - INFO - id DOSI recu : {'id_dosi': '734404'}
2026-06-10 12:01:52,439 - INFO - etat du dosimètre envoye : {'id_dosi': '734404', 'batterie': 1, 'hors_service': 1}
2026-06-10 12:01:59,535 - INFO - id DOSI recu : {'id_dosi': '734404'}
2026-06-10 12:01:59,607 - INFO - etat du dosimètre envoye : {'id_dosi': '734404', 'batterie': 1, 'hors_service': 1}
2026-06-10 12:02:06,671 - INFO - id DOSI recu : {'id_dosi': '734404'}
2026-06-10 12:02:06,747 - INFO - etat du dosimètre envoye : {'id_dosi': '734404', 'batterie': 1, 'hors_service': 1}
2026-06-10 12:02:13,827 - INFO - id DOSI recu : {'id_dosi': '734404'}
2026-06-10 12:02:13,900 - INFO - etat du dosimètre envoye : {'id_dosi': '734404', 'batterie': 1, 'hors_service': 1}
2026-06-10 12:02:20,983 - INFO - id DOSI recu : {'id_dosi': '734404'}
2026-06-10 12:02:21,044 - INFO - etat du dosimètre envoye : {'id_dosi': '734404', 'batterie': 1, 'hors_service': 1}
2026-06-10 12:02:28,173 - INFO - id DOSI recu : {'id_dosi': '734404'}
2026-06-10 12:02:28,244 - INFO - etat du dosimètre envoye : {'id_dosi': '734404', 'batterie': 1, 'hors_service': 1}
2026-06-10 12:02:35,330 - INFO - id DOSI recu : {'id_dosi': '734404'}
2026-06-10 12:02:35,391 - INFO - etat du dosimètre envoye : {'id_dosi': '734404', 'batterie': 1, 'hors_service': 1}
2026-06-10 12:04:33,564 - INFO - Connecté au broker MQTT !
2026-06-10 12:06:57,358 - INFO - id DOSI recu : {'id_dosi': '734404'}
2026-06-10 12:06:57,430 - INFO - etat du dosimètre envoye : {'id_dosi': '734404', 'batterie': 1, 'hors_service': 1}
2026-06-10 12:07:21,866 - INFO - id BADGE recu : {'id_badge': '213735'}
2026-06-10 12:07:21,931 - INFO - etat du badge envoye : {'id_badge': '213735', 'formation': 1, 'visite_medicale': 1}
2026-06-10 12:07:30,889 - INFO - id attestation recu : {'id_attestation': '48250310 1'}
2026-06-10 12:07:30,948 - INFO - etat de l'attestation envoye : {'id_attestation': '48250310 1', 'date_valide': 1, 'zone_valide': 1}
2026-06-10 12:08:04,550 - INFO - id DOSI recu : {'id_dosi': '734404'}
2026-06-10 12:08:04,617 - INFO - etat du dosimètre envoye : {'id_dosi': '734404', 'batterie': 1, 'hors_service': 1}
2026-06-10 12:08:08,196 - INFO - id BADGE recu : {'id_badge': '213735'}
2026-06-10 12:08:08,279 - INFO - etat du badge envoye : {'id_badge': '213735', 'formation': 1, 'visite_medicale': 1}
2026-06-10 12:08:38,146 - INFO - id DOSI recu : {'id_dosi': '734404'}
2026-06-10 12:08:38,218 - INFO - etat du dosimètre envoye : {'id_dosi': '734404', 'batterie': 1, 'hors_service': 1}
2026-06-10 12:09:03,037 - INFO - id DOSI recu : {'id_dosi': '734404'}
2026-06-10 12:09:03,104 - INFO - etat du dosimètre envoye : {'id_dosi': '734404', 'batterie': 1, 'hors_service': 1}
2026-06-10 12:09:27,747 - INFO - id BADGE recu : {'id_badge': '213735'}
2026-06-10 12:09:27,809 - INFO - etat du badge envoye : {'id_badge': '213735', 'formation': 1, 'visite_medicale': 1}
2026-06-10 12:09:40,422 - INFO - id attestation recu : {'id_attestation': '48250310 1'}
2026-06-10 12:09:40,499 - INFO - etat de l'attestation envoye : {'id_attestation': '48250310 1', 'date_valide': 1, 'zone_valide': 1}
2026-06-10 12:10:19,121 - INFO - id DOSI recu : {'id_dosi': '734404'}
2026-06-10 12:10:19,198 - INFO - etat du dosimètre envoye : {'id_dosi': '734404', 'batterie': 1, 'hors_service': 1}
2026-06-10 12:10:28,658 - INFO - id DOSI recu : {'id_dosi': '734404'}
2026-06-10 12:10:28,725 - INFO - etat du dosimètre envoye : {'id_dosi': '734404', 'batterie': 1, 'hors_service': 1}
2026-06-10 12:10:38,504 - INFO - id DOSI recu : {'id_dosi': '734404'}
2026-06-10 12:10:38,555 - INFO - etat du dosimètre envoye : {'id_dosi': '734404', 'batterie': 1, 'hors_service': 1}
2026-06-10 12:10:47,947 - INFO - id DOSI recu : {'id_dosi': '734404'}
2026-06-10 12:10:48,013 - INFO - etat du dosimètre envoye : {'id_dosi': '734404', 'batterie': 1, 'hors_service': 1}
2026-06-10 12:17:54,745 - INFO - id DOSI recu : {'id_dosi': '734404'}
2026-06-10 12:17:54,827 - INFO - etat du dosimètre envoye : {'id_dosi': '734404', 'batterie': 1, 'hors_service': 1}
2026-06-10 12:18:07,157 - INFO - id BADGE recu : {'id_badge': '743179'}
2026-06-10 12:18:07,213 - INFO - Badge non present dans la bdd
2026-06-10 12:18:15,677 - INFO - id DOSI recu : {'id_dosi': '734404'}
2026-06-10 12:18:15,754 - INFO - etat du dosimètre envoye : {'id_dosi': '734404', 'batterie': 1, 'hors_service': 1}
2026-06-10 12:22:03,616 - INFO - id DOSI recu : {'id_dosi': '123456'}
2026-06-10 12:22:03,678 - INFO - Dosimètre non present dans la bdd
2026-06-10 12:22:23,042 - INFO - id DOSI recu : {'id_dosi': '123456'}
2026-06-10 12:22:23,093 - INFO - Dosimètre non present dans la bdd
2026-06-10 12:23:24,824 - INFO - id DOSI recu : {'id_dosi': '743179'}
2026-06-10 12:23:24,900 - INFO - Dosimètre non present dans la bdd
2026-06-10 12:23:24,994 - INFO - id DOSI recu : {'id_dosi': '743179'}
2026-06-10 12:23:25,055 - INFO - Dosimètre non present dans la bdd
2026-06-10 12:25:16,289 - INFO - Connecté au broker MQTT !
2026-06-10 12:31:53,085 - INFO - Connecté au broker MQTT !
2026-06-10 12:40:49,692 - INFO - Connecté au broker MQTT !
2026-06-10 12:45:08,299 - INFO - Connecté au broker MQTT !
2026-06-10 12:48:30,255 - INFO - id DOSI recu : {'id_dosi': '743179'}
2026-06-10 12:48:30,317 - INFO - Dosimètre non present dans la bdd
2026-06-10 12:48:34,754 - INFO - id DOSI recu : {'id_dosi': '743179'}
2026-06-10 12:48:34,800 - INFO - Dosimètre non present dans la bdd
2026-06-10 12:48:44,066 - INFO - id DOSI recu : {'id_dosi': '743179'}
2026-06-10 12:48:44,122 - INFO - Dosimètre non present dans la bdd
2026-06-10 12:48:58,027 - INFO - id DOSI recu : {'id_dosi': '734404'}
2026-06-10 12:48:58,088 - INFO - etat du dosimètre envoye : {'id_dosi': '734404', 'batterie': 1, 'hors_service': 1}
2026-06-10 12:49:08,616 - INFO - id DOSI recu : {'id_dosi': '734404'}
2026-06-10 12:49:08,682 - INFO - etat du dosimètre envoye : {'id_dosi': '734404', 'batterie': 1, 'hors_service': 1}
2026-06-10 12:53:44,306 - INFO - id DOSI recu : {'id_dosi': '734404'}
2026-06-10 12:53:44,372 - INFO - etat du dosimètre envoye : {'id_dosi': '734404', 'batterie': 1, 'hors_service': 1}
2026-06-10 12:53:56,276 - INFO - id DOSI recu : {'id_dosi': '734404'}
2026-06-10 12:53:56,338 - INFO - etat du dosimètre envoye : {'id_dosi': '734404', 'batterie': 1, 'hors_service': 1}
2026-06-10 13:18:39,620 - INFO - id DOSI recu : {'id_dosi': '734404'}
2026-06-10 13:18:39,697 - INFO - etat du dosimètre envoye : {'id_dosi': '734404', 'batterie': 1, 'hors_service': 1}
2026-06-10 13:18:44,938 - INFO - id BADGE recu : {'id_badge': '743179'}
2026-06-10 13:18:44,995 - INFO - Badge non present dans la bdd
2026-06-10 13:20:06,915 - INFO - id DOSI recu : {'id_dosi': '734404'}
2026-06-10 13:20:06,981 - INFO - etat du dosimètre envoye : {'id_dosi': '734404', 'batterie': 1, 'hors_service': 1}
2026-06-10 13:20:16,955 - INFO - id BADGE recu : {'id_badge': '213735'}
2026-06-10 13:20:17,027 - INFO - etat du badge envoye : {'id_badge': '213735', 'formation': 1, 'visite_medicale': 1}
2026-06-10 13:21:36,852 - INFO - id DOSI recu : {'id_dosi': '734404'}
2026-06-10 13:21:36,914 - INFO - etat du dosimètre envoye : {'id_dosi': '734404', 'batterie': 1, 'hors_service': 1}
2026-06-10 13:21:43,885 - INFO - id BADGE recu : {'id_badge': '213735'}
2026-06-10 13:21:43,957 - INFO - etat du badge envoye : {'id_badge': '213735', 'formation': 1, 'visite_medicale': 1}
2026-06-10 13:22:29,128 - INFO - id DOSI recu : {'id_dosi': '734404'}
2026-06-10 13:22:29,189 - INFO - etat du dosimètre envoye : {'id_dosi': '734404', 'batterie': 1, 'hors_service': 1}
2026-06-10 13:22:40,749 - INFO - id DOSI recu : {'id_dosi': '743179'}
2026-06-10 13:22:40,806 - INFO - Dosimètre non present dans la bdd
2026-06-10 13:25:18,764 - INFO - id DOSI recu : {'id_dosi': '734404'}
2026-06-10 13:25:18,830 - INFO - etat du dosimètre envoye : {'id_dosi': '734404', 'batterie': 1, 'hors_service': 1}
2026-06-10 13:25:28,893 - INFO - id BADGE recu : {'id_badge': '123456'}
2026-06-10 13:25:28,949 - INFO - Badge non present dans la bdd
2026-06-10 13:25:46,098 - INFO - id DOSI recu : {'id_dosi': '734404'}
2026-06-10 13:25:46,160 - INFO - etat du dosimètre envoye : {'id_dosi': '734404', 'batterie': 1, 'hors_service': 1}
2026-06-10 13:27:43,719 - INFO - id DOSI recu : {'id_dosi': '734404'}
2026-06-10 13:27:43,785 - INFO - etat du dosimètre envoye : {'id_dosi': '734404', 'batterie': 1, 'hors_service': 1}
2026-06-10 13:27:56,191 - INFO - id BADGE recu : {'id_badge': '123456'}
2026-06-10 13:27:56,237 - INFO - Badge non present dans la bdd
2026-06-10 13:29:21,928 - INFO - id DOSI recu : {'id_dosi': '734404'}
2026-06-10 13:29:21,989 - INFO - etat du dosimètre envoye : {'id_dosi': '734404', 'batterie': 1, 'hors_service': 1}
2026-06-10 13:29:57,166 - INFO - id DOSI recu : {'id_dosi': '734404'}
2026-06-10 13:29:57,222 - INFO - etat du dosimètre envoye : {'id_dosi': '734404', 'batterie': 1, 'hors_service': 1}
2026-06-10 13:30:34,061 - INFO - id DOSI recu : {'id_dosi': '734404'}
2026-06-10 13:30:34,123 - INFO - etat du dosimètre envoye : {'id_dosi': '734404', 'batterie': 1, 'hors_service': 1}
2026-06-10 13:30:43,064 - INFO - id DOSI recu : {'id_dosi': '734404'}
2026-06-10 13:30:43,135 - INFO - etat du dosimètre envoye : {'id_dosi': '734404', 'batterie': 1, 'hors_service': 1}
2026-06-10 13:30:50,921 - INFO - id DOSI recu : {'id_dosi': '734404'}
2026-06-10 13:30:50,987 - INFO - etat du dosimètre envoye : {'id_dosi': '734404', 'batterie': 1, 'hors_service': 1}
2026-06-10 13:31:08,763 - INFO - id DOSI recu : {'id_dosi': '213735'}
2026-06-10 13:31:08,819 - INFO - Dosimètre non present dans la bdd
2026-06-10 13:31:30,229 - INFO - id DOSI recu : {'id_dosi': '734404'}
2026-06-10 13:31:30,295 - INFO - etat du dosimètre envoye : {'id_dosi': '734404', 'batterie': 1, 'hors_service': 1}
2026-06-10 13:32:09,910 - INFO - id DOSI recu : {'id_dosi': '734404'}
2026-06-10 13:32:09,981 - INFO - etat du dosimètre envoye : {'id_dosi': '734404', 'batterie': 1, 'hors_service': 1}
2026-06-10 13:32:27,409 - INFO - id BADGE recu : {'id_badge': '123456'}
2026-06-10 13:32:27,466 - INFO - Badge non present dans la bdd
2026-06-10 13:32:53,919 - INFO - id DOSI recu : {'id_dosi': '734404'}
2026-06-10 13:32:53,980 - INFO - etat du dosimètre envoye : {'id_dosi': '734404', 'batterie': 1, 'hors_service': 1}
2026-06-10 13:36:02,789 - INFO - id DOSI recu : {'id_dosi': '734404'}
2026-06-10 13:36:02,840 - INFO - etat du dosimètre envoye : {'id_dosi': '734404', 'batterie': 1, 'hors_service': 1}
2026-06-10 13:36:12,655 - INFO - id DOSI recu : {'id_dosi': '734404'}
2026-06-10 13:36:12,737 - INFO - etat du dosimètre envoye : {'id_dosi': '734404', 'batterie': 1, 'hors_service': 1}
2026-06-10 13:36:24,144 - INFO - id DOSI recu : {'id_dosi': '734404'}
2026-06-10 13:36:24,200 - INFO - etat du dosimètre envoye : {'id_dosi': '734404', 'batterie': 1, 'hors_service': 1}
2026-06-10 13:36:37,076 - INFO - id DOSI recu : {'id_dosi': '734404'}
2026-06-10 13:36:37,132 - INFO - etat du dosimètre envoye : {'id_dosi': '734404', 'batterie': 1, 'hors_service': 1}
2026-06-10 13:36:45,487 - INFO - id BADGE recu : {'id_badge': '213735'}
2026-06-10 13:36:45,553 - INFO - etat du badge envoye : {'id_badge': '213735', 'formation': 1, 'visite_medicale': 1}
2026-06-10 13:38:02,078 - INFO - id DOSI recu : {'id_dosi': '734404'}
2026-06-10 13:38:02,135 - INFO - etat du dosimètre envoye : {'id_dosi': '734404', 'batterie': 1, 'hors_service': 1}
2026-06-10 13:38:43,342 - INFO - id DOSI recu : {'id_dosi': '734404'}
2026-06-10 13:38:43,420 - INFO - etat du dosimètre envoye : {'id_dosi': '734404', 'batterie': 1, 'hors_service': 1}
2026-06-10 13:38:55,850 - INFO - id DOSI recu : {'id_dosi': '734404'}
2026-06-10 13:38:55,911 - INFO - etat du dosimètre envoye : {'id_dosi': '734404', 'batterie': 1, 'hors_service': 1}
2026-06-10 13:39:34,693 - INFO - id DOSI recu : {'id_dosi': '734404'}
2026-06-10 13:39:34,749 - INFO - etat du dosimètre envoye : {'id_dosi': '734404', 'batterie': 1, 'hors_service': 1}
2026-06-10 13:39:47,072 - INFO - id BADGE recu : {'id_badge': '122222'}
2026-06-10 13:39:47,134 - INFO - Badge non present dans la bdd
2026-06-10 13:41:04,746 - INFO - id DOSI recu : {'id_dosi': '734404'}
2026-06-10 13:41:04,807 - INFO - etat du dosimètre envoye : {'id_dosi': '734404', 'batterie': 1, 'hors_service': 1}
2026-06-10 13:42:07,858 - INFO - id DOSI recu : {'id_dosi': '734404'}
2026-06-10 13:42:07,924 - INFO - etat du dosimètre envoye : {'id_dosi': '734404', 'batterie': 1, 'hors_service': 1}
2026-06-10 13:42:18,771 - INFO - id DOSI recu : {'id_dosi': '734404'}
2026-06-10 13:42:18,827 - INFO - etat du dosimètre envoye : {'id_dosi': '734404', 'batterie': 1, 'hors_service': 1}
2026-06-10 13:42:28,522 - INFO - id BADGE recu : {'id_badge': '213735'}
2026-06-10 13:42:28,589 - INFO - etat du badge envoye : {'id_badge': '213735', 'formation': 1, 'visite_medicale': 1}
2026-06-10 13:42:41,447 - INFO - id attestation recu : {'id_attestation': '48250310 1'}
2026-06-10 13:42:41,514 - INFO - etat de l'attestation envoye : {'id_attestation': '48250310 1', 'date_valide': 1, 'zone_valide': 1}
2026-06-10 13:44:51,679 - INFO - id DOSI recu : {'id_dosi': '734404'}
2026-06-10 13:44:51,745 - INFO - etat du dosimètre envoye : {'id_dosi': '734404', 'batterie': 1, 'hors_service': 1}
2026-06-10 13:44:57,785 - INFO - id BADGE recu : {'id_badge': '213735'}
2026-06-10 13:44:57,851 - INFO - etat du badge envoye : {'id_badge': '213735', 'formation': 1, 'visite_medicale': 1}
2026-06-10 13:45:24,148 - INFO - id attestation recu : {'id_attestation': '482503101'}
2026-06-10 13:45:24,204 - INFO - Attestation non presente dans la bdd
2026-06-10 13:46:29,707 - INFO - id DOSI recu : {'id_dosi': '734404'}
2026-06-10 13:46:29,774 - INFO - etat du dosimètre envoye : {'id_dosi': '734404', 'batterie': 1, 'hors_service': 1}
2026-06-10 13:46:35,907 - INFO - id BADGE recu : {'id_badge': '213735'}
2026-06-10 13:46:35,974 - INFO - etat du badge envoye : {'id_badge': '213735', 'formation': 1, 'visite_medicale': 1}
2026-06-10 13:47:00,140 - INFO - id attestation recu : {'id_attestation': '482503101'}
2026-06-10 13:47:00,191 - INFO - etat de l'attestation envoye : {'id_attestation': '482503101', 'date_valide': 1, 'zone_valide': 1}
2026-06-10 13:48:18,833 - INFO - id DOSI recu : {'id_dosi': '734404'}
2026-06-10 13:48:18,904 - INFO - etat du dosimètre envoye : {'id_dosi': '734404', 'batterie': 1, 'hors_service': 1}
2026-06-10 13:48:25,741 - INFO - id BADGE recu : {'id_badge': '213735'}
2026-06-10 13:48:25,813 - INFO - etat du badge envoye : {'id_badge': '213735', 'formation': 1, 'visite_medicale': 1}
2026-06-10 13:48:48,559 - INFO - id attestation recu : {'id_attestation': '123456'}
2026-06-10 13:48:48,626 - INFO - etat de l'attestation envoye : {'id_attestation': '123456', 'date_valide': 1, 'zone_valide': 1}
2026-06-10 13:49:34,920 - INFO - id DOSI recu : {'id_dosi': '734404'}
2026-06-10 13:49:34,987 - INFO - etat du dosimètre envoye : {'id_dosi': '734404', 'batterie': 1, 'hors_service': 1}
2026-06-10 13:49:43,157 - INFO - id BADGE recu : {'id_badge': '213735'}
2026-06-10 13:49:43,208 - INFO - etat du badge envoye : {'id_badge': '213735', 'formation': 1, 'visite_medicale': 1}
2026-06-10 13:49:56,550 - INFO - id attestation recu : {'id_attestation': '48250310 1\r48250310 1'}
2026-06-10 13:49:56,606 - INFO - Attestation non presente dans la bdd
2026-06-10 13:50:09,212 - INFO - id DOSI recu : {'id_dosi': '734404'}
2026-06-10 13:50:09,289 - INFO - etat du dosimètre envoye : {'id_dosi': '734404', 'batterie': 1, 'hors_service': 1}
2026-06-10 13:50:12,956 - INFO - id BADGE recu : {'id_badge': '213735'}
2026-06-10 13:50:13,033 - INFO - etat du badge envoye : {'id_badge': '213735', 'formation': 1, 'visite_medicale': 1}
2026-06-10 13:50:24,551 - INFO - id attestation recu : {'id_attestation': '48250310 1'}
2026-06-10 13:50:24,612 - INFO - etat de l'attestation envoye : {'id_attestation': '48250310 1', 'date_valide': 1, 'zone_valide': 1}
2026-06-10 13:53:19,275 - INFO - id DOSI recu : {'id_dosi': '734404'}
2026-06-10 13:53:19,336 - INFO - etat du dosimètre envoye : {'id_dosi': '734404', 'batterie': 1, 'hors_service': 1}
2026-06-10 13:53:36,203 - INFO - id BADGE recu : {'id_badge': '938014'}
2026-06-10 13:53:36,260 - INFO - Badge non present dans la bdd
2026-06-10 13:54:00,969 - INFO - id DOSI recu : {'id_dosi': '734404'}
2026-06-10 13:54:01,020 - INFO - etat du dosimètre envoye : {'id_dosi': '734404', 'batterie': 1, 'hors_service': 1}
2026-06-10 13:54:05,916 - INFO - id BADGE recu : {'id_badge': '305681'}
2026-06-10 13:54:05,977 - INFO - etat du badge envoye : {'id_badge': '305681', 'formation': 0, 'visite_medicale': 0}
2026-06-10 13:54:28,788 - INFO - Connecté au broker MQTT !
2026-06-10 13:54:31,091 - INFO - id DOSI recu : {'id_dosi': '104732'}
2026-06-10 13:54:31,154 - INFO - etat du dosimètre envoye : {'id_dosi': '104732', 'batterie': 1, 'hors_service': 1}
2026-06-10 13:54:40,722 - INFO - id DOSI recu : {'id_dosi': '104732'}
2026-06-10 13:54:40,789 - INFO - etat du dosimètre envoye : {'id_dosi': '104732', 'batterie': 1, 'hors_service': 1}
2026-06-10 13:54:51,170 - INFO - id DOSI recu : {'id_dosi': '104732'}
2026-06-10 13:54:51,242 - INFO - etat du dosimètre envoye : {'id_dosi': '104732', 'batterie': 1, 'hors_service': 1}
2026-06-10 13:55:02,613 - INFO - id DOSI recu : {'id_dosi': '734404'}
2026-06-10 13:55:02,685 - INFO - etat du dosimètre envoye : {'id_dosi': '734404', 'batterie': 1, 'hors_service': 1}
2026-06-10 13:55:17,493 - INFO - id DOSI recu : {'id_dosi': '104732'}
2026-06-10 13:55:17,540 - INFO - etat du dosimètre envoye : {'id_dosi': '104732', 'batterie': 1, 'hors_service': 1}
2026-06-10 13:55:42,122 - INFO - id DOSI recu : {'id_dosi': '734404'}
2026-06-10 13:55:42,178 - INFO - etat du dosimètre envoye : {'id_dosi': '734404', 'batterie': 1, 'hors_service': 1}
2026-06-10 13:55:54,882 - INFO - id DOSI recu : {'id_dosi': '734404'}
2026-06-10 13:55:54,933 - INFO - etat du dosimètre envoye : {'id_dosi': '734404', 'batterie': 1, 'hors_service': 1}
2026-06-10 13:56:13,707 - INFO - id DOSI recu : {'id_dosi': '734404'}
2026-06-10 13:56:13,769 - INFO - etat du dosimètre envoye : {'id_dosi': '734404', 'batterie': 1, 'hors_service': 1}
2026-06-10 13:56:38,067 - INFO - id DOSI recu : {'id_dosi': '734404'}
2026-06-10 13:56:38,123 - INFO - etat du dosimètre envoye : {'id_dosi': '734404', 'batterie': 1, 'hors_service': 1}
2026-06-10 13:56:50,297 - INFO - id DOSI recu : {'id_dosi': '734404'}
2026-06-10 13:56:50,359 - INFO - etat du dosimètre envoye : {'id_dosi': '734404', 'batterie': 1, 'hors_service': 1}
2026-06-10 13:57:09,940 - INFO - id DOSI recu : {'id_dosi': '734404'}
2026-06-10 13:57:10,012 - INFO - etat du dosimètre envoye : {'id_dosi': '734404', 'batterie': 1, 'hors_service': 1}
2026-06-10 13:58:08,353 - INFO - Connecté au broker MQTT !
2026-06-10 14:00:27,842 - INFO - Connecté au broker MQTT !
2026-06-10 14:01:57,798 - INFO - Connecté au broker MQTT !
2026-06-10 14:02:05,841 - INFO - id DOSI recu : {'id_dosi': '734404'}
2026-06-10 14:02:05,915 - INFO - etat du dosimètre envoye : {'id_dosi': '734404', 'batterie': 1, 'hors_service': 1}
2026-06-10 14:07:49,036 - INFO - id DOSI recu : {'id_dosi': '734404'}
2026-06-10 14:07:49,113 - INFO - etat du dosimètre envoye : {'id_dosi': '734404', 'batterie': 1, 'hors_service': 1}
2026-06-10 14:07:58,065 - INFO - id DOSI recu : {'id_dosi': '734404'}
2026-06-10 14:07:58,121 - INFO - etat du dosimètre envoye : {'id_dosi': '734404', 'batterie': 1, 'hors_service': 1}
2026-06-10 14:08:03,278 - INFO - id BADGE recu : {'id_badge': '213735'}
2026-06-10 14:08:03,345 - INFO - etat du badge envoye : {'id_badge': '213735', 'formation': 1, 'visite_medicale': 1}
2026-06-10 14:08:14,348 - INFO - id attestation recu : {'id_attestation': '48250310 1'}
2026-06-10 14:08:14,405 - INFO - etat de l'attestation envoye : {'id_attestation': '48250310 1', 'date_valide': 1, 'zone_valide': 1}
2026-06-10 14:09:07,303 - INFO - id DOSI recu : {'id_dosi': '734404'}
2026-06-10 14:09:07,370 - INFO - etat du dosimètre envoye : {'id_dosi': '734404', 'batterie': 1, 'hors_service': 1}
2026-06-10 14:09:30,899 - INFO - id BADGE recu : {'id_badge': '213735'}
2026-06-10 14:09:30,965 - INFO - etat du badge envoye : {'id_badge': '213735', 'formation': 1, 'visite_medicale': 1}
2026-06-10 14:09:50,097 - INFO - id attestation recu : {'id_attestation': '111111'}
2026-06-10 14:09:50,154 - INFO - Attestation non presente dans la bdd
2026-06-10 14:09:57,801 - INFO - id DOSI recu : {'id_dosi': '734404'}
2026-06-10 14:09:57,868 - INFO - etat du dosimètre envoye : {'id_dosi': '734404', 'batterie': 1, 'hors_service': 1}
2026-06-10 14:10:07,890 - INFO - id DOSI recu : {'id_dosi': '734404'}
2026-06-10 14:10:07,962 - INFO - etat du dosimètre envoye : {'id_dosi': '734404', 'batterie': 1, 'hors_service': 1}
2026-06-10 14:10:11,549 - INFO - id BADGE recu : {'id_badge': '213735'}
2026-06-10 14:10:11,611 - INFO - etat du badge envoye : {'id_badge': '213735', 'formation': 1, 'visite_medicale': 1}
2026-06-10 14:10:26,486 - INFO - id attestation recu : {'id_attestation': '123456'}
2026-06-10 14:10:26,547 - INFO - etat de l'attestation envoye : {'id_attestation': '123456', 'date_valide': 1, 'zone_valide': 1}
2026-06-10 14:15:25,980 - INFO - Connecté au broker MQTT !
2026-06-10 14:20:29,221 - INFO - Connecté au broker MQTT !
2026-06-15 05:50:40,861 - INFO - Connecté au broker MQTT !
2026-06-16 06:08:13,364 - INFO - id DOSI recu : {'id_dosi': '734404'}
2026-06-16 06:08:13,445 - INFO - etat du dosimètre envoye : {'id_dosi': '734404', 'batterie': 1, 'hors_service': 1}
2026-06-16 06:08:28,514 - INFO - id DOSI recu : {'id_dosi': '734404'}
2026-06-16 06:08:28,585 - INFO - etat du dosimètre envoye : {'id_dosi': '734404', 'batterie': 1, 'hors_service': 1}
2026-06-16 06:09:06,849 - INFO - id DOSI recu : {'id_dosi': '734404'}
2026-06-16 06:09:06,926 - INFO - etat du dosimètre envoye : {'id_dosi': '734404', 'batterie': 1, 'hors_service': 1}
2026-06-16 06:09:14,148 - INFO - id BADGE recu : {'id_badge': '213735'}
2026-06-16 06:09:14,210 - INFO - etat du badge envoye : {'id_badge': '213735', 'formation': 1, 'visite_medicale': 1}
2026-06-16 06:09:54,960 - INFO - id DOSI recu : {'id_dosi': '104732'}
2026-06-16 06:09:55,026 - INFO - etat du dosimètre envoye : {'id_dosi': '104732', 'batterie': 1, 'hors_service': 1}
2026-06-16 06:10:09,034 - INFO - id DOSI recu : {'id_dosi': '734404'}
2026-06-16 06:10:09,100 - INFO - etat du dosimètre envoye : {'id_dosi': '734404', 'batterie': 1, 'hors_service': 1}
2026-06-16 06:12:33,767 - INFO - id DOSI recu : {'id_dosi': '734404'}
2026-06-16 06:12:33,834 - INFO - etat du dosimètre envoye : {'id_dosi': '734404', 'batterie': 1, 'hors_service': 1}
2026-06-16 06:13:03,429 - INFO - id DOSI recu : {'id_dosi': '734404'}
2026-06-16 06:13:03,491 - INFO - etat du dosimètre envoye : {'id_dosi': '734404', 'batterie': 1, 'hors_service': 1}
2026-06-16 06:13:13,912 - INFO - id BADGE recu : {'id_badge': '213735'}
2026-06-16 06:13:13,964 - INFO - etat du badge envoye : {'id_badge': '213735', 'formation': 1, 'visite_medicale': 1}
2026-06-16 06:13:24,821 - INFO - id attestation recu : {'id_attestation': '47587310 2'}
2026-06-16 06:13:24,883 - INFO - Attestation non presente dans la bdd
2026-06-16 06:14:10,033 - INFO - id DOSI recu : {'id_dosi': '103122'}
2026-06-16 06:14:10,089 - INFO - Dosimètre non present dans la bdd
2026-06-16 06:15:00,802 - INFO - id DOSI recu : {'id_dosi': '734404'}
2026-06-16 06:15:00,864 - INFO - etat du dosimètre envoye : {'id_dosi': '734404', 'batterie': 1, 'hors_service': 1}
2026-06-16 06:16:01,848 - INFO - id DOSI recu : {'id_dosi': '734404'}
2026-06-16 06:16:01,920 - INFO - etat du dosimètre envoye : {'id_dosi': '734404', 'batterie': 1, 'hors_service': 1}
2026-06-16 06:16:09,946 - INFO - id BADGE recu : {'id_badge': '938014'}
2026-06-16 06:16:10,002 - INFO - Badge non present dans la bdd
2026-06-16 06:16:25,499 - INFO - id DOSI recu : {'id_dosi': '734404'}
2026-06-16 06:16:25,550 - INFO - etat du dosimètre envoye : {'id_dosi': '734404', 'batterie': 1, 'hors_service': 1}
2026-06-16 06:16:30,532 - INFO - id BADGE recu : {'id_badge': '213735'}
2026-06-16 06:16:30,594 - INFO - etat du badge envoye : {'id_badge': '213735', 'formation': 1, 'visite_medicale': 1}
2026-06-16 06:16:42,877 - INFO - id attestation recu : {'id_attestation': '48250310 1'}
2026-06-16 06:16:42,950 - INFO - etat de l'attestation envoye : {'id_attestation': '48250310 1', 'date_valide': 1, 'zone_valide': 1}
2026-06-16 06:17:31,672 - INFO - id DOSI recu : {'id_dosi': '734404'}
2026-06-16 06:17:31,729 - INFO - etat du dosimètre envoye : {'id_dosi': '734404', 'batterie': 1, 'hors_service': 1}
2026-06-16 06:17:37,333 - INFO - id DOSI recu : {'id_dosi': '734404'}
2026-06-16 06:17:37,394 - INFO - etat du dosimètre envoye : {'id_dosi': '734404', 'batterie': 1, 'hors_service': 1}
2026-06-16 06:25:11,133 - INFO - id DOSI recu : {'id_dosi': '743179'}
2026-06-16 06:25:11,195 - INFO - Dosimètre non present dans la bdd
2026-06-16 06:26:56,875 - INFO - id DOSI recu : {'id_dosi': '734404'}
2026-06-16 06:26:56,926 - INFO - etat du dosimètre envoye : {'id_dosi': '734404', 'batterie': 1, 'hors_service': 1}
2026-06-16 06:27:04,431 - INFO - id BADGE recu : {'id_badge': '103122'}
2026-06-16 06:27:04,482 - INFO - Badge non present dans la bdd
2026-06-16 06:31:26,391 - INFO - id DOSI recu : {'id_dosi': '938014'}
2026-06-16 06:31:26,442 - INFO - Dosimètre non present dans la bdd
2026-06-16 06:31:32,169 - INFO - id DOSI recu : {'id_dosi': '938014'}
2026-06-16 06:31:32,226 - INFO - Dosimètre non present dans la bdd
2026-06-16 06:33:41,181 - INFO - id DOSI recu : {'id_dosi': '734404'}
2026-06-16 06:33:41,248 - INFO - etat du dosimètre envoye : {'id_dosi': '734404', 'batterie': 1, 'hors_service': 1}
2026-06-16 06:33:45,972 - INFO - id BADGE recu : {'id_badge': '213735'}
2026-06-16 06:33:46,043 - INFO - etat du badge envoye : {'id_badge': '213735', 'formation': 1, 'visite_medicale': 1}
2026-06-16 06:34:03,803 - INFO - id attestation recu : {'id_attestation': '123456'}
2026-06-16 06:34:03,859 - INFO - etat de l'attestation envoye : {'id_attestation': '123456', 'date_valide': 1, 'zone_valide': 1}
2026-06-16 07:45:19,272 - INFO - id DOSI recu : {'id_dosi': '734404'}
2026-06-16 07:45:19,328 - INFO - etat du dosimètre envoye : {'id_dosi': '734404', 'batterie': 1, 'hors_service': 1}
2026-06-16 07:45:30,491 - INFO - id BADGE recu : {'id_badge': '213735'}
2026-06-16 07:45:30,552 - INFO - etat du badge envoye : {'id_badge': '213735', 'formation': 1, 'visite_medicale': 1}
2026-06-16 07:45:47,709 - INFO - id attestation recu : {'id_attestation': '48250310 1'}
2026-06-16 07:45:47,785 - INFO - etat de l'attestation envoye : {'id_attestation': '48250310 1', 'date_valide': 1, 'zone_valide': 1}
2026-06-16 07:47:45,316 - INFO - id DOSI recu : {'id_dosi': '743179'}
2026-06-16 07:47:45,362 - INFO - Dosimètre non present dans la bdd
2026-06-16 07:48:10,155 - INFO - id DOSI recu : {'id_dosi': '734404'}
2026-06-16 07:48:10,216 - INFO - etat du dosimètre envoye : {'id_dosi': '734404', 'batterie': 1, 'hors_service': 1}
2026-06-16 07:48:18,436 - INFO - id BADGE recu : {'id_badge': '213735'}
2026-06-16 07:48:18,507 - INFO - etat du badge envoye : {'id_badge': '213735', 'formation': 1, 'visite_medicale': 1}
2026-06-16 07:48:53,839 - INFO - id DOSI recu : {'id_dosi': '734404'}
2026-06-16 07:48:53,900 - INFO - etat du dosimètre envoye : {'id_dosi': '734404', 'batterie': 1, 'hors_service': 1}
2026-06-16 07:49:05,763 - INFO - id BADGE recu : {'id_badge': '305681'}
2026-06-16 07:49:05,814 - INFO - etat du badge envoye : {'id_badge': '305681', 'formation': 0, 'visite_medicale': 1}
2026-06-16 07:49:47,004 - INFO - id DOSI recu : {'id_dosi': '734404'}
2026-06-16 07:49:47,070 - INFO - etat du dosimètre envoye : {'id_dosi': '734404', 'batterie': 1, 'hors_service': 1}
2026-06-16 07:49:51,415 - INFO - id BADGE recu : {'id_badge': '305681'}
2026-06-16 07:49:51,481 - INFO - etat du badge envoye : {'id_badge': '305681', 'formation': 1, 'visite_medicale': 1}
2026-06-16 07:50:15,524 - INFO - id DOSI recu : {'id_dosi': '734404'}
2026-06-16 07:50:15,590 - INFO - etat du dosimètre envoye : {'id_dosi': '734404', 'batterie': 1, 'hors_service': 1}
2026-06-16 07:50:45,061 - INFO - id DOSI recu : {'id_dosi': '734404'}
2026-06-16 07:50:45,118 - INFO - etat du dosimètre envoye : {'id_dosi': '734404', 'batterie': 1, 'hors_service': 1}
2026-06-16 08:32:29,986 - INFO - id DOSI recu : {'id_dosi': '734404'}
2026-06-16 08:32:30,042 - INFO - etat du dosimètre envoye : {'id_dosi': '734404', 'batterie': 1, 'hors_service': 1}
2026-06-16 08:32:36,842 - INFO - id BADGE recu : {'id_badge': '213735'}
2026-06-16 08:32:36,898 - INFO - etat du badge envoye : {'id_badge': '213735', 'formation': 1, 'visite_medicale': 1}
2026-06-16 08:32:49,155 - INFO - id attestation recu : {'id_attestation': '48250310 1'}
2026-06-16 08:32:49,221 - INFO - etat de l'attestation envoye : {'id_attestation': '48250310 1', 'date_valide': 1, 'zone_valide': 1}
2026-06-16 08:33:29,306 - INFO - id DOSI recu : {'id_dosi': '734404'}
2026-06-16 08:33:29,357 - INFO - etat du dosimètre envoye : {'id_dosi': '734404', 'batterie': 1, 'hors_service': 1}
2026-06-16 08:33:34,361 - INFO - id BADGE recu : {'id_badge': '305681'}
2026-06-16 08:33:34,438 - INFO - etat du badge envoye : {'id_badge': '305681', 'formation': 1, 'visite_medicale': 1}
2026-06-16 08:33:57,925 - INFO - id DOSI recu : {'id_dosi': '734404'}
2026-06-16 08:33:57,986 - INFO - etat du dosimètre envoye : {'id_dosi': '734404', 'batterie': 1, 'hors_service': 1}
2026-06-16 08:34:02,930 - INFO - id BADGE recu : {'id_badge': '305681'}
2026-06-16 08:34:02,986 - INFO - etat du badge envoye : {'id_badge': '305681', 'formation': 1, 'visite_medicale': 0}
2026-06-16 08:34:15,804 - INFO - id DOSI recu : {'id_dosi': '734404'}
2026-06-16 08:34:15,855 - INFO - etat du dosimètre envoye : {'id_dosi': '734404', 'batterie': 1, 'hors_service': 1}
2026-06-16 08:34:20,126 - INFO - id BADGE recu : {'id_badge': '938014'}
2026-06-16 08:34:20,177 - INFO - Badge non present dans la bdd
2026-06-16 08:34:46,715 - INFO - id DOSI recu : {'id_dosi': '734404'}
2026-06-16 08:34:46,772 - INFO - etat du dosimètre envoye : {'id_dosi': '734404', 'batterie': 1, 'hors_service': 1}
2026-06-16 08:34:51,162 - INFO - id BADGE recu : {'id_badge': '938014'}
2026-06-16 08:34:51,239 - INFO - etat du badge envoye : {'id_badge': '938014', 'formation': 1, 'visite_medicale': 1}
2026-06-16 08:35:11,890 - INFO - id attestation recu : {'id_attestation': '123456'}
2026-06-16 08:35:11,946 - INFO - etat de l'attestation envoye : {'id_attestation': '123456', 'date_valide': 1, 'zone_valide': 1}
2026-06-16 09:42:05,987 - INFO - id DOSI recu : {'id_dosi': '734404'}
2026-06-16 09:42:06,053 - INFO - etat du dosimètre envoye : {'id_dosi': '734404', 'batterie': 1, 'hors_service': 1}
2026-06-16 09:42:16,339 - INFO - id DOSI recu : {'id_dosi': '734404'}
2026-06-16 09:42:16,405 - INFO - etat du dosimètre envoye : {'id_dosi': '734404', 'batterie': 1, 'hors_service': 1}
2026-06-16 09:42:23,655 - INFO - id DOSI recu : {'id_dosi': '734404'}
2026-06-16 09:42:23,717 - INFO - etat du dosimètre envoye : {'id_dosi': '734404', 'batterie': 1, 'hors_service': 1}
2026-06-16 09:42:30,365 - INFO - id BADGE recu : {'id_badge': '213735'}
2026-06-16 09:42:30,416 - INFO - etat du badge envoye : {'id_badge': '213735', 'formation': 1, 'visite_medicale': 1}
2026-06-16 09:42:42,801 - INFO - id attestation recu : {'id_attestation': '48250310 1'}
2026-06-16 09:42:42,868 - INFO - etat de l'attestation envoye : {'id_attestation': '48250310 1', 'date_valide': 1, 'zone_valide': 1}
2026-06-16 09:44:07,752 - INFO - id DOSI recu : {'id_dosi': '734404'}
2026-06-16 09:44:07,813 - INFO - etat du dosimètre envoye : {'id_dosi': '734404', 'batterie': 1, 'hors_service': 1}
2026-06-16 09:44:17,287 - INFO - id DOSI recu : {'id_dosi': '734404'}
2026-06-16 09:44:17,363 - INFO - etat du dosimètre envoye : {'id_dosi': '734404', 'batterie': 1, 'hors_service': 1}
2026-06-16 09:44:37,381 - INFO - id DOSI recu : {'id_dosi': '734404'}
2026-06-16 09:44:37,443 - INFO - etat du dosimètre envoye : {'id_dosi': '734404', 'batterie': 1, 'hors_service': 1}
2026-06-16 09:44:46,173 - INFO - id BADGE recu : {'id_badge': '213735'}
2026-06-16 09:44:46,225 - INFO - etat du badge envoye : {'id_badge': '213735', 'formation': 1, 'visite_medicale': 1}
2026-06-16 09:45:01,152 - INFO - id attestation recu : {'id_attestation': '48250310 1'}
2026-06-16 09:45:01,234 - INFO - etat de l'attestation envoye : {'id_attestation': '48250310 1', 'date_valide': 0, 'zone_valide': 1}
2026-06-16 11:41:36,776 - INFO - id DOSI recu : {'id_dosi': '734404'}
2026-06-16 11:41:36,843 - INFO - etat du dosimètre envoye : {'id_dosi': '734404', 'batterie': 1, 'hors_service': 1}
2026-06-16 11:41:45,289 - INFO - id BADGE recu : {'id_badge': '213735'}
2026-06-16 11:41:45,345 - INFO - etat du badge envoye : {'id_badge': '213735', 'formation': 1, 'visite_medicale': 1}
2026-06-16 11:41:53,694 - INFO - id attestation recu : {'id_attestation': '48250310 1'}
2026-06-16 11:41:53,755 - INFO - etat de l'attestation envoye : {'id_attestation': '48250310 1', 'date_valide': 0, 'zone_valide': 1}
2026-06-16 11:42:21,357 - INFO - id DOSI recu : {'id_dosi': '734404'}
2026-06-16 11:42:21,408 - INFO - etat du dosimètre envoye : {'id_dosi': '734404', 'batterie': 1, 'hors_service': 1}
2026-06-16 11:42:29,274 - INFO - id DOSI recu : {'id_dosi': '734404'}
2026-06-16 11:42:29,341 - INFO - etat du dosimètre envoye : {'id_dosi': '734404', 'batterie': 1, 'hors_service': 1}
2026-06-16 11:42:38,192 - INFO - id DOSI recu : {'id_dosi': '734404'}
2026-06-16 11:42:38,253 - INFO - etat du dosimètre envoye : {'id_dosi': '734404', 'batterie': 1, 'hors_service': 1}
2026-06-16 11:42:45,755 - INFO - id DOSI recu : {'id_dosi': '734404'}
2026-06-16 11:42:45,821 - INFO - etat du dosimètre envoye : {'id_dosi': '734404', 'batterie': 1, 'hors_service': 1}
2026-06-16 11:42:54,003 - INFO - id BADGE recu : {'id_badge': '213735'}
2026-06-16 11:42:54,074 - INFO - etat du badge envoye : {'id_badge': '213735', 'formation': 1, 'visite_medicale': 1}
2026-06-16 11:43:02,026 - INFO - id attestation recu : {'id_attestation': '47587310 2'}
2026-06-16 11:43:02,087 - INFO - Attestation non presente dans la bdd
2026-06-16 11:43:32,347 - INFO - id DOSI recu : {'id_dosi': '734404'}
2026-06-16 11:43:32,419 - INFO - etat du dosimètre envoye : {'id_dosi': '734404', 'batterie': 1, 'hors_service': 1}
2026-06-16 11:43:37,498 - INFO - id BADGE recu : {'id_badge': '213735'}
2026-06-16 11:43:37,575 - INFO - etat du badge envoye : {'id_badge': '213735', 'formation': 1, 'visite_medicale': 1}
2026-06-16 11:44:19,311 - INFO - id attestation recu : {'id_attestation': '123456'}
2026-06-16 11:44:19,362 - INFO - etat de l'attestation envoye : {'id_attestation': '123456', 'date_valide': 1, 'zone_valide': 0}
2026-06-16 11:44:45,986 - INFO - id DOSI recu : {'id_dosi': '734404'}
2026-06-16 11:44:46,037 - INFO - etat du dosimètre envoye : {'id_dosi': '734404', 'batterie': 1, 'hors_service': 1}
2026-06-16 11:44:51,623 - INFO - id BADGE recu : {'id_badge': '213735'}
2026-06-16 11:44:51,684 - INFO - etat du badge envoye : {'id_badge': '213735', 'formation': 1, 'visite_medicale': 1}
2026-06-16 11:45:04,146 - INFO - id attestation recu : {'id_attestation': '123456'}
2026-06-16 11:45:04,217 - INFO - etat de l'attestation envoye : {'id_attestation': '123456', 'date_valide': 1, 'zone_valide': 1}
2026-06-18 06:40:48,912 - INFO - id DOSI recu : {'id_dosi': '734404'}
2026-06-18 06:40:48,973 - INFO - etat du dosimètre envoye : {'id_dosi': '734404', 'batterie': 1, 'hors_service': 1}
2026-06-18 06:43:31,370 - INFO - id DOSI recu : {'id_dosi': '734404'}
2026-06-18 06:43:31,426 - INFO - etat du dosimètre envoye : {'id_dosi': '734404', 'batterie': 1, 'hors_service': 1}
2026-06-18 06:43:42,928 - INFO - id DOSI recu : {'id_dosi': '734404'}
2026-06-18 06:43:42,989 - INFO - etat du dosimètre envoye : {'id_dosi': '734404', 'batterie': 1, 'hors_service': 1}
2026-06-18 06:43:50,131 - INFO - id BADGE recu : {'id_badge': '213735'}
2026-06-18 06:43:50,197 - INFO - etat du badge envoye : {'id_badge': '213735', 'formation': 1, 'visite_medicale': 1}
2026-06-18 06:43:57,927 - INFO - id attestation recu : {'id_attestation': '48250310 1'}
2026-06-18 06:43:57,988 - INFO - etat de l'attestation envoye : {'id_attestation': '48250310 1', 'date_valide': 1, 'zone_valide': 1}
2026-06-18 06:45:14,814 - INFO - id DOSI recu : {'id_dosi': '104732'}
2026-06-18 06:45:14,886 - INFO - etat du dosimètre envoye : {'id_dosi': '104732', 'batterie': 1, 'hors_service': 0}
